Trial_Nr,Trial_Id,Exp_Subject_Id,OptionChosen,TargetWord,knowledge,StemType,Frequency,Stem_romanization,Affix_romanization,Word_romanization,Tensification,Nasalization,L_deletion,C_deletion,Lateralization,AffixInitialSegment,UR,JunctureType,Production_R
121,115,606771,option_3,갉나,5,LC,low,kalk,na,kalkna,NA,0,1,0,0,NA,NA,NA,NA
5,146,606771,option_1,갉아,5,LC,low,kalk,a,kalka,0,NA,0,0,NA,NA,NA,NA,NA
59,93,606771,option_4,갉다,5,LC,low,kalk,ta,kalkta,1,NA,1,0,NA,NA,NA,NA,NA
135,1,606771,option_1,겊어,1,C,nonce,kvP,v,kvPv,0,NA,NA,NA,NA,Vowel,P-v,C+Vowel,kvPv
148,124,606771,option_1,겊나,1,C,nonce,kvP,na,kvPna,NA,1,NA,NA,NA,Sonorant,P-n,C+Sonorant,kvmna
44,167,606771,option_2,겊다,1,C,nonce,kvP,ta,kvPta,1,NA,NA,NA,NA,Obstruent,P-t,C+Obstruent,kvpda
77,37,606771,option_4,겳다,1,LC,nonce,kjvlp,ta,kjvlpta,1,NA,1,0,NA,NA,NA,NA,NA
42,59,606771,option_1,겳어,1,LC,nonce,kjvlp,v,kjvlpv,0,NA,0,0,NA,NA,NA,NA,NA
76,163,606771,option_1,겳나,1,LC,nonce,kjvlp,na,kjvlpna,NA,1,1,0,0,NA,NA,NA,NA
1,108,606771,option_2,굵다,5,LC,high,kulk,ta,kulkta,1,NA,0,0,NA,NA,NA,NA,NA
70,104,606771,option_1,굵어,5,LC,high,kulk,v,kulkv,0,NA,0,0,NA,NA,NA,NA,NA
111,27,606771,option_1,굵나,5,LC,high,kulk,na,kulkna,NA,1,1,0,0,NA,NA,NA,NA
142,154,606771,option_1,긁어,5,LC,low,kxlk,v,kxlkv,0,NA,0,0,NA,NA,NA,NA,NA
143,130,606771,option_4,긁다,5,LC,low,kxlk,ta,kxlkta,1,NA,1,0,NA,NA,NA,NA,NA
117,70,606771,option_1,긁나,5,LC,low,kxlk,na,kxlkna,NA,1,1,0,0,NA,NA,NA,NA
129,132,606771,option_4,긆다,1,LC,nonce,kxlP,ta,kxlPta,1,NA,1,0,NA,NA,NA,NA,NA
178,110,606771,option_3,긆나,1,LC,nonce,kxlP,na,kxlPna,NA,0,1,0,0,NA,NA,NA,NA
7,39,606771,option_1,긆어,1,LC,nonce,kxlP,v,kxlPv,0,NA,0,0,NA,NA,NA,NA,NA
6,30,606771,option_3,낡나,5,LC,high,nalk,na,nalkna,NA,0,1,0,0,NA,NA,NA,NA
141,52,606771,option_1,낡아,5,LC,high,nalk,a,nalka,0,NA,0,0,NA,NA,NA,NA,NA
172,15,606771,option_4,낡다,5,LC,high,nalk,ta,nalkta,1,NA,1,0,NA,NA,NA,NA,NA
131,169,606771,option_1,낣아,1,LC,nonce,nalp,a,nalpa,0,NA,0,0,NA,NA,NA,NA,NA
106,160,606771,option_3,낣나,1,LC,nonce,nalp,na,nalpna,NA,0,1,0,0,NA,NA,NA,NA
75,32,606771,option_2,낣다,1,LC,nonce,nalp,ta,nalpta,1,NA,0,0,NA,NA,NA,NA,NA
134,68,606771,option_1,냍어,1,C,nonce,neT,v,neTv,0,NA,NA,NA,NA,Vowel,T-v,C+Vowel,neTv
160,19,606771,option_2,냍다,1,C,nonce,neT,ta,neTta,1,NA,NA,NA,NA,Obstruent,T-t,C+Obstruent,netda
8,40,606771,option_1,냍나,1,C,nonce,neT,na,neTna,NA,1,NA,NA,NA,Sonorant,T-n,C+Sonorant,nenna
103,135,606771,option_1,넓나,5,LC,high,nvlp,na,nvlpna,NA,1,1,0,0,NA,NA,NA,NA
130,48,606771,option_1,넓어,5,LC,high,nvlp,v,nvlpv,0,NA,0,0,NA,NA,NA,NA,NA
79,105,606771,option_3,넓다,5,LC,high,nvlp,ta,nvlpta,1,NA,0,1,NA,NA,NA,NA,NA
25,101,606771,option_2,눅나,1,C,nonce,nuk,na,nukna,NA,0,NA,NA,NA,Sonorant,k-n,C+Sonorant,nukna
66,61,606771,option_2,눅다,1,C,nonce,nuk,ta,nukta,1,NA,NA,NA,NA,Obstruent,k-t,C+Obstruent,nukda
86,69,606771,option_1,눅어,1,C,nonce,nuk,v,nukv,0,NA,NA,NA,NA,Vowel,k-v,C+Vowel,nukv
153,87,606771,option_1,늙어,5,LC,high,nxlk,v,nxlkv,0,NA,0,0,NA,NA,NA,NA,NA
45,20,606771,option_3,늙나,5,LC,high,nxlk,na,nxlkna,NA,0,1,0,0,NA,NA,NA,NA
9,96,606771,option_4,늙다,5,LC,high,nxlk,ta,nxlkta,1,NA,1,0,NA,NA,NA,NA,NA
97,28,606771,option_1,덟나,3,LC,nonce,tvlp,na,tvlpna,NA,1,1,0,0,NA,NA,NA,NA
39,123,606771,option_2,덟다,3,LC,nonce,tvlp,ta,tvlpta,1,NA,0,0,NA,NA,NA,NA,NA
30,17,606771,option_1,덟어,3,LC,nonce,tvlp,v,tvlpv,0,NA,0,0,NA,NA,NA,NA,NA
26,134,606771,option_1,독아,2,C,nonce,tok,a,toka,0,NA,NA,NA,NA,Vowel,k-a,C+Vowel,toka
17,144,606771,option_2,독다,2,C,nonce,tok,ta,tokta,1,NA,NA,NA,NA,Obstruent,k-t,C+Obstruent,tokda
116,4,606771,option_1,독나,2,C,nonce,tok,na,tokna,NA,1,NA,NA,NA,Sonorant,k-n,C+Sonorant,toNna
133,119,606771,option_2,둡나,2,C,nonce,tup,na,tupna,NA,0,NA,NA,NA,Sonorant,p-n,C+Sonorant,tupna
132,145,606771,option_2,둡다,2,C,nonce,tup,ta,tupta,1,NA,NA,NA,NA,Obstruent,p-t,C+Obstruent,tupda
34,71,606771,option_1,둡어,2,C,nonce,tup,v,tupv,0,NA,NA,NA,NA,Vowel,p-v,C+Vowel,tupv
89,80,606771,option_1,듥나,1,LC,nonce,txlk,na,txlkna,NA,1,1,0,0,NA,NA,NA,NA
169,122,606771,option_4,듥다,1,LC,nonce,txlk,ta,txlkta,1,NA,1,0,NA,NA,NA,NA,NA
179,94,606771,option_1,듥어,1,LC,nonce,txlk,v,txlkv,0,NA,0,0,NA,NA,NA,NA,NA
128,109,606771,option_6,떫다,5,LC,low,dvlp,ta,dvlpta,0,NA,1,0,NA,NA,NA,NA,NA
147,125,606771,option_3,떫나,5,LC,low,dvlp,na,dvlpna,NA,0,1,0,0,NA,NA,NA,NA
51,66,606771,option_1,떫어,5,LC,low,dvlp,v,dvlpv,0,NA,0,0,NA,NA,NA,NA,NA
49,73,606771,option_1,막나,5,C,high,mak,na,makna,NA,1,NA,NA,NA,Sonorant,k-n,C+Sonorant,maNna
157,158,606771,option_1,막아,5,C,high,mak,a,maka,0,NA,NA,NA,NA,Vowel,k-a,C+Vowel,maka
127,156,606771,option_2,막다,5,C,high,mak,ta,makta,1,NA,NA,NA,NA,Obstruent,k-t,C+Obstruent,makda
58,83,606771,option_1,맑아,5,LC,high,malk,a,malka,0,NA,0,0,NA,NA,NA,NA,NA
115,177,606771,option_1,맑나,5,LC,high,malk,na,malkna,NA,1,1,0,0,NA,NA,NA,NA
99,159,606771,option_4,맑다,5,LC,high,malk,ta,malkta,1,NA,1,0,NA,NA,NA,NA,NA
20,47,606771,option_2,멁다,1,LC,nonce,mvlk,ta,mvlkta,1,NA,0,0,NA,NA,NA,NA,NA
158,85,606771,option_1,멁어,1,LC,nonce,mvlk,v,mvlkv,0,NA,0,0,NA,NA,NA,NA,NA
171,82,606771,option_1,멁나,1,LC,nonce,mvlk,na,mvlkna,NA,1,1,0,0,NA,NA,NA,NA
31,153,606771,option_1,묵어,5,C,low,muk,v,mukv,0,NA,NA,NA,NA,Vowel,k-v,C+Vowel,mukv
136,103,606771,option_1,묵나,5,C,low,muk,na,mukna,NA,1,NA,NA,NA,Sonorant,k-n,C+Sonorant,muNna
164,100,606771,option_2,묵다,5,C,low,muk,ta,mukta,1,NA,NA,NA,NA,Obstruent,k-t,C+Obstruent,mukda
102,53,606771,option_4,묽다,5,LC,low,mulk,ta,mulkta,1,NA,1,0,NA,NA,NA,NA,NA
60,51,606771,option_1,묽어,5,LC,low,mulk,v,mulkv,0,NA,0,0,NA,NA,NA,NA,NA
29,64,606771,option_1,묽나,5,LC,low,mulk,na,mulkna,NA,1,1,0,0,NA,NA,NA,NA
126,180,606771,option_1,박나,5,C,high,pak,na,pakna,NA,1,NA,NA,NA,Sonorant,k-n,C+Sonorant,paNna
83,139,606771,option_1,박아,5,C,high,pak,a,paka,0,NA,NA,NA,NA,Vowel,k-a,C+Vowel,paka
4,84,606771,option_2,박다,5,C,high,pak,ta,pakta,1,NA,NA,NA,NA,Obstruent,k-t,C+Obstruent,pakda
175,13,606771,option_1,밝아,5,LC,high,palk,a,palka,0,NA,0,0,NA,NA,NA,NA,NA
78,22,606771,option_4,밝다,5,LC,high,palk,ta,palkta,1,NA,1,0,NA,NA,NA,NA,NA
22,78,606771,option_3,밝나,5,LC,high,palk,na,palkna,NA,0,1,0,0,NA,NA,NA,NA
15,92,606771,option_1,밟아,5,LC,high,palp,a,palpa,0,NA,0,0,NA,NA,NA,NA,NA
53,97,606771,option_1,밟나,5,LC,high,palp,na,palpna,NA,1,1,0,0,NA,NA,NA,NA
88,16,606771,option_4,밟다,5,LC,high,palp,ta,palpta,1,NA,1,0,NA,NA,NA,NA,NA
41,31,606771,option_1,뱉나,5,C,low,peT,na,peTna,NA,1,NA,NA,NA,Sonorant,T-n,C+Sonorant,penna
138,26,606771,option_2,뱉다,5,C,low,peT,ta,peTta,1,NA,NA,NA,NA,Obstruent,T-t,C+Obstruent,petda
32,54,606771,option_1,뱉어,5,C,low,peT,v,peTv,0,NA,NA,NA,NA,Vowel,T-v,C+Vowel,peTv
159,170,606771,option_2,법다,1,C,nonce,kvp,ta,kvpta,1,NA,NA,NA,NA,Obstruent,p-t,C+Obstruent,pvpda
139,24,606771,option_1,법어,1,C,nonce,kvp,v,kvpv,0,NA,NA,NA,NA,Vowel,p-v,C+Vowel,pvpv
176,111,606771,option_1,법나,1,C,nonce,kvp,na,kvpna,NA,1,NA,NA,NA,Sonorant,p-n,C+Sonorant,pvmna
94,121,606771,option_1,붉어,5,LC,high,pulk,v,pulkv,0,NA,0,0,NA,NA,NA,NA,NA
61,43,606771,option_3,붉나,5,LC,high,pulk,na,pulkna,NA,0,1,0,0,NA,NA,NA,NA
167,117,606771,option_4,붉다,5,LC,high,pulk,ta,pulkta,1,NA,1,0,NA,NA,NA,NA,NA
10,86,606771,option_1,붍어,1,LC,nonce,pulT,v,pulTv,0,NA,0,0,NA,NA,NA,NA,NA
166,38,606771,option_1,붍나,1,LC,nonce,pulT,na,pulTna,NA,1,1,0,0,NA,NA,NA,NA
98,102,606771,option_8,붍다,1,LC,nonce,pulT,ta,pulTta,1,NA,1,1,NA,NA,NA,NA,NA
2,57,606771,option_2,뽑다,5,C,high,p*op,ta,p*opta,1,NA,NA,NA,NA,Obstruent,p-t,C+Obstruent,bopda
114,162,606771,option_1,뽑아,5,C,high,p*op,a,p*opa,0,NA,NA,NA,NA,Vowel,p-a,C+Vowel,bopa
155,14,606771,option_1,뽑나,5,C,high,p*op,na,p*opna,NA,1,NA,NA,NA,Sonorant,p-n,C+Sonorant,bomna
14,172,606771,option_1,속아,5,C,low,sok,a,soka,0,NA,NA,NA,NA,Vowel,k-a,C+Vowel,soka
84,25,606771,option_2,속다,5,C,low,sok,ta,sokta,1,NA,NA,NA,NA,Obstruent,k-t,C+Obstruent,sokda
177,89,606771,option_1,속나,5,C,low,sok,na,sokna,NA,1,NA,NA,NA,Sonorant,k-n,C+Sonorant,soNna
144,67,606771,option_1,숡나,1,LC,nonce,sulk,na,sulkna,NA,1,1,0,0,NA,NA,NA,NA
11,112,606771,option_1,숡어,1,LC,nonce,sulk,v,sulkv,0,NA,0,0,NA,NA,NA,NA,NA
118,11,606771,option_4,숡다,1,LC,nonce,sulk,ta,sulkta,1,NA,1,0,NA,NA,NA,NA,NA
18,75,606771,option_1,식나,5,C,low,sik,na,sikna,NA,1,NA,NA,NA,Sonorant,k-n,C+Sonorant,siNna
154,36,606771,option_1,식어,5,C,low,sik,v,sikv,0,NA,NA,NA,NA,Vowel,k-v,C+Vowel,sikv
123,164,606771,option_2,식다,5,C,low,sik,ta,sikta,1,NA,NA,NA,NA,Obstruent,k-t,C+Obstruent,sikda
109,88,606771,option_1,썩나,5,C,high,s*vk,na,s*vkna,NA,1,NA,NA,NA,Sonorant,k-n,C+Sonorant,SvNna
82,165,606771,option_2,썩다,5,C,high,s*vk,ta,s*vkta,1,NA,NA,NA,NA,Obstruent,k-t,C+Obstruent,Svkda
27,161,606771,option_1,썩어,5,C,high,s*vk,v,s*vkv,0,NA,NA,NA,NA,Vowel,k-v,C+Vowel,Svkv
125,95,606771,option_1,씹나,5,C,high,s*ip,na,s*ipna,NA,1,NA,NA,NA,Sonorant,p-n,C+Sonorant,Simna
57,137,606771,option_1,씹어,5,C,high,s*ip,v,s*ipv,0,NA,NA,NA,NA,Vowel,p-v,C+Vowel,Sipv
35,6,606771,option_2,씹다,5,C,high,s*ip,ta,s*ipta,1,NA,NA,NA,NA,Obstruent,p-t,C+Obstruent,Sipda
36,141,606771,option_1,앍나,1,LC,nonce,alk,na,alkna,NA,1,1,0,0,NA,NA,NA,NA
52,18,606771,option_4,앍다,1,LC,nonce,alk,ta,alkta,1,NA,1,0,NA,NA,NA,NA,NA
48,90,606771,option_1,앍아,1,LC,nonce,alk,a,alka,0,NA,0,0,NA,NA,NA,NA,NA
50,128,606771,option_3,얇다,5,LC,low,yalp,ta,yalpta,1,NA,0,1,NA,NA,NA,NA,NA
104,62,606771,option_1,얇나,5,LC,low,yalp,na,yalpna,NA,1,1,0,0,NA,NA,NA,NA
107,107,606771,option_1,얇아,5,LC,low,yalp,a,yalpa,0,NA,0,0,NA,NA,NA,NA,NA
28,49,606771,option_1,얕나,5,C,low,yaT,na,yaTna,NA,1,NA,NA,NA,Sonorant,T-n,C+Sonorant,yanna
24,10,606771,option_2,얕다,5,C,low,yaT,ta,yaTta,1,NA,NA,NA,NA,Obstruent,T-t,C+Obstruent,yatda
63,166,606771,option_1,얕아,5,C,low,yaT,a,yaTa,0,NA,NA,NA,NA,Vowel,T-a,C+Vowel,yaTa
165,9,606771,option_1,얽나,5,LC,low,vlk,na,vlkna,NA,1,1,0,0,NA,NA,NA,NA
37,74,606771,option_4,얽다,5,LC,low,vlk,ta,vlkta,1,NA,1,0,NA,NA,NA,NA,NA
163,178,606771,option_1,얽어,5,LC,low,vlk,v,vlkv,0,NA,0,0,NA,NA,NA,NA,NA
149,142,606771,option_2,업다,5,C,low,vp,ta,vpta,1,NA,NA,NA,NA,Obstruent,p-t,C+Obstruent,vpda
40,148,606771,option_1,업어,5,C,low,vp,v,vpv,0,NA,NA,NA,NA,Vowel,p-v,C+Vowel,vpv
140,98,606771,option_1,업나,5,C,low,vp,na,vpna,NA,1,NA,NA,NA,Sonorant,p-n,C+Sonorant,vmna
96,106,606771,option_1,엎어,5,C,low,vP,v,vPv,0,NA,NA,NA,NA,Vowel,P-v,C+Vowel,vPv
150,157,606771,option_2,엎다,5,C,low,vP,ta,vPta,1,NA,NA,NA,NA,Obstruent,P-t,C+Obstruent,vpda
85,131,606771,option_1,엎나,5,C,low,vP,na,vPna,NA,1,NA,NA,NA,Sonorant,P-n,C+Sonorant,vmna
180,23,606771,option_3,엷나,5,LC,low,yvlp,na,yvlpna,NA,0,1,0,0,NA,NA,NA,NA
81,41,606771,option_3,엷다,5,LC,low,yvlp,ta,yvlpta,1,NA,0,1,NA,NA,NA,NA,NA
151,77,606771,option_1,엷어,5,LC,low,yvlp,v,yvlpv,0,NA,0,0,NA,NA,NA,NA,NA
92,35,606771,option_1,옅어,5,C,low,yvT,v,yvTv,0,NA,NA,NA,NA,Vowel,T-v,C+Vowel,jvTv
38,46,606771,option_2,옅다,5,C,low,yvT,ta,yvTta,1,NA,NA,NA,NA,Obstruent,T-t,C+Obstruent,jvtda
145,79,606771,option_1,옅나,5,C,low,yvT,na,yvTna,NA,1,NA,NA,NA,Sonorant,T-n,C+Sonorant,jvnna
69,176,606771,option_2,웁다,1,C,nonce,up,ta,upta,1,NA,NA,NA,NA,Obstruent,p-t,C+Obstruent,upda
90,150,606771,option_1,웁어,1,C,nonce,up,v,upv,0,NA,NA,NA,NA,Vowel,p-v,C+Vowel,upv
137,114,606771,option_1,웁나,1,C,nonce,up,na,upna,NA,1,NA,NA,NA,Sonorant,p-n,C+Sonorant,umna
62,140,606771,option_1,읊나,5,LC,low,xlP,na,xlPna,NA,1,1,0,0,NA,NA,NA,NA
170,129,606771,option_1,읊어,5,LC,low,xlP,v,xlPv,0,NA,0,0,NA,NA,NA,NA,NA
56,127,606771,option_4,읊다,5,LC,low,xlP,ta,xlPta,1,NA,1,0,NA,NA,NA,NA,NA
105,171,606771,option_1,익나,5,C,low,ik,na,ikna,NA,1,NA,NA,NA,Sonorant,k-n,C+Sonorant,iNna
101,60,606771,option_2,익다,5,C,low,ik,ta,ikta,1,NA,NA,NA,NA,Obstruent,k-t,C+Obstruent,ikda
13,29,606771,option_1,익어,5,C,low,ik,v,ikv,0,NA,NA,NA,NA,Vowel,k-v,C+Vowel,ikv
168,81,606771,option_4,읽다,5,LC,high,ilk,ta,ilkta,1,NA,1,0,NA,NA,NA,NA,NA
110,174,606771,option_1,읽어,5,LC,high,ilk,v,ilkv,0,NA,0,0,NA,NA,NA,NA,NA
95,56,606771,option_1,읽나,5,LC,high,ilk,na,ilkna,NA,1,1,0,0,NA,NA,NA,NA
162,116,606771,option_2,입다,5,C,high,ip,ta,ipta,1,NA,NA,NA,NA,Obstruent,p-t,C+Obstruent,ipda
33,72,606771,option_1,입나,5,C,high,ip,na,ipna,NA,1,NA,NA,NA,Sonorant,p-n,C+Sonorant,imna
73,42,606771,option_1,입어,5,C,high,ip,v,ipv,0,NA,NA,NA,NA,Vowel,p-v,C+Vowel,ipv
91,126,606771,option_2,작다,5,C,high,cak,ta,cakta,1,NA,NA,NA,NA,Obstruent,k-t,C+Obstruent,cakda
71,76,606771,option_1,작아,5,C,high,cak,a,caka,0,NA,NA,NA,NA,Vowel,k-a,C+Vowel,caka
54,5,606771,option_1,작나,5,C,high,cak,na,cakna,NA,1,NA,NA,NA,Sonorant,k-n,C+Sonorant,caNna
3,113,606771,option_1,적나,5,C,high,cvk,na,cvkna,NA,1,NA,NA,NA,Sonorant,k-n,C+Sonorant,cvNna
152,12,606771,option_1,적어,5,C,high,cvk,v,cvkv,0,NA,NA,NA,NA,Vowel,k-v,C+Vowel,cvkv
65,8,606771,option_2,적다,5,C,high,cvk,ta,cvkta,1,NA,NA,NA,NA,Obstruent,k-t,C+Obstruent,cvkda
119,151,606771,option_1,접나,5,C,high,cvp,na,cvpna,NA,1,NA,NA,NA,Sonorant,p-n,C+Sonorant,cvmna
12,65,606771,option_2,접다,5,C,high,cvp,ta,cvpta,1,NA,NA,NA,NA,Obstruent,p-t,C+Obstruent,cvpda
72,55,606771,option_1,접어,5,C,high,cvp,v,cvpv,0,NA,NA,NA,NA,Vowel,p-v,C+Vowel,cvpv
146,149,606771,option_1,직나,2,C,nonce,cik,na,cikna,NA,1,NA,NA,NA,Sonorant,k-n,C+Sonorant,ciNna
16,58,606771,option_1,직어,2,C,nonce,cik,v,cikv,0,NA,NA,NA,NA,Vowel,k-v,C+Vowel,cikv
68,50,606771,option_2,직다,2,C,nonce,cik,ta,cikta,1,NA,NA,NA,NA,Obstruent,k-t,C+Obstruent,cikda
161,45,606771,option_4,짉다,1,LC,nonce,cilk,ta,cilkta,1,NA,1,0,NA,NA,NA,NA,NA
21,175,606771,option_1,짉어,1,LC,nonce,cilk,v,cilkv,0,NA,0,0,NA,NA,NA,NA,NA
23,21,606771,option_3,짉나,1,LC,nonce,cilk,na,cilkna,NA,0,1,0,0,NA,NA,NA,NA
64,147,606771,option_2,집다,5,C,high,cip,ta,cipta,1,NA,NA,NA,NA,Obstruent,p-t,C+Obstruent,cipda
174,118,606771,option_1,집나,5,C,high,cip,na,cipna,NA,1,NA,NA,NA,Sonorant,p-n,C+Sonorant,cimna
80,3,606771,option_1,집어,5,C,high,cip,v,cipv,0,NA,NA,NA,NA,Vowel,p-v,C+Vowel,cipv
173,143,606771,option_3,짧다,5,LC,high,Jalp,ta,Jalpta,1,NA,0,1,NA,NA,NA,NA,NA
120,44,606771,option_3,짧나,5,LC,high,Jalp,na,Jalpna,NA,0,1,0,0,NA,NA,NA,NA
67,168,606771,option_1,짧아,5,LC,high,Jalp,a,Jalpa,0,NA,0,0,NA,NA,NA,NA,NA
156,120,606771,option_1,찍어,5,C,low,Jik,v,Jikv,0,NA,NA,NA,NA,Vowel,k-v,C+Vowel,Jikv
47,63,606771,option_2,찍다,5,C,low,Jik,ta,Jikta,1,NA,NA,NA,NA,Obstruent,k-t,C+Obstruent,Jikda
124,133,606771,option_1,찍나,5,C,low,Jik,na,Jikna,NA,1,NA,NA,NA,Sonorant,k-n,C+Sonorant,JiNna
93,155,606771,option_2,착다,2,C,nonce,Cak,ta,Cakta,1,NA,NA,NA,NA,Obstruent,k-t,C+Obstruent,Cakda
112,2,606771,option_1,착아,2,C,nonce,Cak,a,Caka,0,NA,NA,NA,NA,Vowel,k-a,C+Vowel,Caka
19,33,606771,option_2,착나,2,C,nonce,Cak,na,Cakna,NA,0,NA,NA,NA,Sonorant,k-n,C+Sonorant,Cakna
43,91,606771,option_1,톱나,1,C,nonce,Top,na,Topna,NA,1,NA,NA,NA,Sonorant,p-n,C+Sonorant,Tomna
46,179,606771,option_2,톱다,1,C,nonce,Top,ta,Topta,1,NA,NA,NA,NA,Obstruent,p-t,C+Obstruent,Topda
87,173,606771,option_1,톱아,1,C,nonce,Top,a,Topa,0,NA,NA,NA,NA,Vowel,p-a,C+Vowel,Topa
74,99,606771,option_1,핥나,5,LC,low,halT,na,halTna,NA,1,1,0,0,NA,NA,NA,NA
122,34,606771,option_3,핥다,5,LC,low,halT,ta,halTta,1,NA,0,1,NA,NA,NA,NA,NA
55,7,606771,option_1,핥아,5,LC,low,halT,a,halTa,0,NA,0,0,NA,NA,NA,NA,NA
100,138,606771,option_1,훑어,5,LC,low,hulT,v,hulTv,0,NA,0,0,NA,NA,NA,NA,NA
113,152,606771,option_4,훑나,5,LC,low,hulT,na,hulTna,NA,0,0,1,0,NA,NA,NA,NA
108,136,606771,option_3,훑다,5,LC,low,hulT,ta,hulTta,1,NA,0,1,NA,NA,NA,NA,NA
116,107,607882,option_3,갉다,5,LC,low,kalk,ta,kalkta,1,NA,0,1,NA,NA,NA,NA,NA
62,98,607882,option_1,갉아,5,LC,low,kalk,a,kalka,0,NA,0,0,NA,NA,NA,NA,NA
101,172,607882,option_2,갉나,5,LC,low,kalk,na,kalkna,NA,0,0,0,0,NA,NA,NA,NA
165,166,607882,option_1,겊어,2,C,nonce,kvP,v,kvPv,0,NA,NA,NA,NA,Vowel,P-v,C+Vowel,kvPv
11,109,607882,option_2,겊다,2,C,nonce,kvP,ta,kvPta,1,NA,NA,NA,NA,Obstruent,P-t,C+Obstruent,kvpda
71,131,607882,option_2,겊나,2,C,nonce,kvP,na,kvPna,NA,0,NA,NA,NA,Sonorant,P-n,C+Sonorant,kvPna
149,57,607882,option_1,겳어,2,LC,nonce,kjvlp,v,kjvlpv,0,NA,0,0,NA,NA,NA,NA,NA
179,83,607882,option_6,겳나,2,LC,nonce,kjvlp,na,kjvlpna,NA,1,0,0,0,NA,NA,NA,NA
155,170,607882,option_2,겳다,2,LC,nonce,kjvlp,ta,kjvlpta,1,NA,0,0,NA,NA,NA,NA,NA
75,154,607882,option_1,굵어,5,LC,high,kulk,v,kulkv,0,NA,0,0,NA,NA,NA,NA,NA
160,29,607882,option_4,굵나,5,LC,high,kulk,na,kulkna,NA,0,0,1,0,NA,NA,NA,NA
143,16,607882,option_3,굵다,5,LC,high,kulk,ta,kulkta,1,NA,0,1,NA,NA,NA,NA,NA
175,129,607882,option_4,긁나,5,LC,low,kxlk,na,kxlkna,NA,0,0,1,0,NA,NA,NA,NA
131,123,607882,option_3,긁다,5,LC,low,kxlk,ta,kxlkta,1,NA,0,1,NA,NA,NA,NA,NA
61,11,607882,option_1,긁어,5,LC,low,kxlk,v,kxlkv,0,NA,0,0,NA,NA,NA,NA,NA
108,69,607882,option_1,긆어,2,LC,nonce,kxlP,v,kxlPv,0,NA,0,0,NA,NA,NA,NA,NA
33,113,607882,option_2,긆다,2,LC,nonce,kxlP,ta,kxlPta,1,NA,0,0,NA,NA,NA,NA,NA
57,124,607882,option_6,긆나,2,LC,nonce,kxlP,na,kxlPna,NA,1,0,0,0,NA,NA,NA,NA
128,17,607882,option_2,낡나,5,LC,high,nalk,na,nalkna,NA,0,0,0,0,NA,NA,NA,NA
107,82,607882,option_1,낡아,5,LC,high,nalk,a,nalka,0,NA,0,0,NA,NA,NA,NA,NA
138,52,607882,option_3,낡다,5,LC,high,nalk,ta,nalkta,1,NA,0,1,NA,NA,NA,NA,NA
90,74,607882,option_6,낣나,2,LC,nonce,nalp,na,nalpna,NA,1,0,0,0,NA,NA,NA,NA
54,93,607882,option_1,낣아,2,LC,nonce,nalp,a,nalpa,0,NA,0,0,NA,NA,NA,NA,NA
125,115,607882,option_2,낣다,2,LC,nonce,nalp,ta,nalpta,1,NA,0,0,NA,NA,NA,NA,NA
82,79,607882,option_1,냍어,2,C,nonce,neT,v,neTv,0,NA,NA,NA,NA,Vowel,T-v,C+Vowel,neTv
21,5,607882,option9_other,냍다,2,C,nonce,neT,ta,neTta,NA,NA,NA,NA,NA,NA,NA,NA,NA
93,179,607882,option_1,냍나,2,C,nonce,neT,na,neTna,NA,1,NA,NA,NA,Sonorant,T-n,C+Sonorant,nenna
147,163,607882,option_3,넓다,5,LC,high,nvlp,ta,nvlpta,1,NA,0,1,NA,NA,NA,NA,NA
31,133,607882,option_4,넓나,5,LC,high,nvlp,na,nvlpna,NA,0,0,1,0,NA,NA,NA,NA
77,41,607882,option_1,넓어,5,LC,high,nvlp,v,nvlpv,0,NA,0,0,NA,NA,NA,NA,NA
19,110,607882,option_2,눅다,1,C,nonce,nuk,ta,nukta,1,NA,NA,NA,NA,Obstruent,k-t,C+Obstruent,nukda
85,139,607882,option_1,눅나,1,C,nonce,nuk,na,nukna,NA,1,NA,NA,NA,Sonorant,k-n,C+Sonorant,nuNna
151,173,607882,option_1,눅어,1,C,nonce,nuk,v,nukv,0,NA,NA,NA,NA,Vowel,k-v,C+Vowel,nukv
136,60,607882,option_4,늙나,5,LC,high,nxlk,na,nxlkna,NA,0,0,1,0,NA,NA,NA,NA
48,9,607882,option_1,늙어,5,LC,high,nxlk,v,nxlkv,0,NA,0,0,NA,NA,NA,NA,NA
43,38,607882,option_2,늙다,5,LC,high,nxlk,ta,nxlkta,1,NA,0,0,NA,NA,NA,NA,NA
174,138,607882,option_2,덟다,2,LC,nonce,tvlp,ta,tvlpta,1,NA,0,0,NA,NA,NA,NA,NA
27,22,607882,option_1,덟어,2,LC,nonce,tvlp,v,tvlpv,0,NA,0,0,NA,NA,NA,NA,NA
96,152,607882,option_6,덟나,2,LC,nonce,tvlp,na,tvlpna,NA,1,0,0,0,NA,NA,NA,NA
114,100,607882,option_1,독아,1,C,nonce,tok,a,toka,0,NA,NA,NA,NA,Vowel,k-a,C+Vowel,toka
78,36,607882,option_2,독다,1,C,nonce,tok,ta,tokta,1,NA,NA,NA,NA,Obstruent,k-t,C+Obstruent,tokda
32,92,607882,option_1,독나,1,C,nonce,tok,na,tokna,NA,1,NA,NA,NA,Sonorant,k-n,C+Sonorant,toNna
67,37,607882,option_1,둡어,1,C,nonce,tup,v,tupv,0,NA,NA,NA,NA,Vowel,p-v,C+Vowel,tupv
123,117,607882,option_2,둡다,1,C,nonce,tup,ta,tupta,1,NA,NA,NA,NA,Obstruent,p-t,C+Obstruent,tupda
25,126,607882,option_1,둡나,1,C,nonce,tup,na,tupna,NA,1,NA,NA,NA,Sonorant,p-n,C+Sonorant,tumna
87,20,607882,option_2,듥나,1,LC,nonce,txlk,na,txlkna,NA,0,0,0,0,NA,NA,NA,NA
30,144,607882,option_1,듥어,1,LC,nonce,txlk,v,txlkv,0,NA,0,0,NA,NA,NA,NA,NA
74,137,607882,option_3,듥다,1,LC,nonce,txlk,ta,txlkta,1,NA,0,1,NA,NA,NA,NA,NA
79,91,607882,option_1,떫어,5,LC,low,dvlp,v,dvlpv,0,NA,0,0,NA,NA,NA,NA,NA
152,54,607882,option_4,떫나,5,LC,low,dvlp,na,dvlpna,NA,0,0,1,0,NA,NA,NA,NA
119,48,607882,option_2,떫다,5,LC,low,dvlp,ta,dvlpta,1,NA,0,0,NA,NA,NA,NA,NA
83,61,607882,option_1,막아,5,C,high,mak,a,maka,0,NA,NA,NA,NA,Vowel,k-a,C+Vowel,maka
12,45,607882,option_2,막다,5,C,high,mak,ta,makta,1,NA,NA,NA,NA,Obstruent,k-t,C+Obstruent,makda
166,25,607882,option_1,막나,5,C,high,mak,na,makna,NA,1,NA,NA,NA,Sonorant,k-n,C+Sonorant,maNna
127,112,607882,option_4,맑나,5,LC,high,malk,na,malkna,NA,0,0,1,0,NA,NA,NA,NA
7,99,607882,option_1,맑아,5,LC,high,malk,a,malka,0,NA,0,0,NA,NA,NA,NA,NA
60,47,607882,option_2,맑다,5,LC,high,malk,ta,malkta,1,NA,0,0,NA,NA,NA,NA,NA
88,31,607882,option_2,멁다,2,LC,nonce,mvlk,ta,mvlkta,1,NA,0,0,NA,NA,NA,NA,NA
171,42,607882,option_1,멁어,2,LC,nonce,mvlk,v,mvlkv,0,NA,0,0,NA,NA,NA,NA,NA
170,134,607882,option_2,멁나,2,LC,nonce,mvlk,na,mvlkna,NA,0,0,0,0,NA,NA,NA,NA
26,121,607882,option_2,묵다,5,C,low,muk,ta,mukta,1,NA,NA,NA,NA,Obstruent,k-t,C+Obstruent,mukda
121,147,607882,option_1,묵어,5,C,low,muk,v,mukv,0,NA,NA,NA,NA,Vowel,k-v,C+Vowel,mukv
46,72,607882,option_1,묵나,5,C,low,muk,na,mukna,NA,1,NA,NA,NA,Sonorant,k-n,C+Sonorant,muNna
168,13,607882,option_1,묽어,5,LC,low,mulk,v,mulkv,0,NA,0,0,NA,NA,NA,NA,NA
110,35,607882,option_2,묽나,5,LC,low,mulk,na,mulkna,NA,0,0,0,0,NA,NA,NA,NA
95,158,607882,option_2,묽다,5,LC,low,mulk,ta,mulkta,1,NA,0,0,NA,NA,NA,NA,NA
150,19,607882,option_1,박아,5,C,high,pak,a,paka,0,NA,NA,NA,NA,Vowel,k-a,C+Vowel,paka
118,1,607882,option_2,박다,5,C,high,pak,ta,pakta,1,NA,NA,NA,NA,Obstruent,k-t,C+Obstruent,pakda
139,176,607882,option_1,박나,5,C,high,pak,na,pakna,NA,1,NA,NA,NA,Sonorant,k-n,C+Sonorant,paNna
89,33,607882,option_1,밝아,5,LC,high,palk,a,palka,0,NA,0,0,NA,NA,NA,NA,NA
36,95,607882,option_2,밝나,5,LC,high,palk,na,palkna,NA,0,0,0,0,NA,NA,NA,NA
159,46,607882,option_2,밝다,5,LC,high,palk,ta,palkta,1,NA,0,0,NA,NA,NA,NA,NA
55,130,607882,option_2,밟다,5,LC,high,palp,ta,palpta,1,NA,0,0,NA,NA,NA,NA,NA
112,178,607882,option_1,밟아,5,LC,high,palp,a,palpa,0,NA,0,0,NA,NA,NA,NA,NA
50,86,607882,option_6,밟나,5,LC,high,palp,na,palpna,NA,1,0,0,0,NA,NA,NA,NA
140,58,607882,option_1,뱉나,5,C,low,peT,na,peTna,NA,1,NA,NA,NA,Sonorant,T-n,C+Sonorant,penna
29,44,607882,option_1,뱉어,5,C,low,peT,v,peTv,0,NA,NA,NA,NA,Vowel,T-v,C+Vowel,peTv
35,39,607882,option_2,뱉다,5,C,low,peT,ta,peTta,1,NA,NA,NA,NA,Obstruent,T-t,C+Obstruent,petda
37,168,607882,option_1,법어,1,C,nonce,kvp,v,kvpv,0,NA,NA,NA,NA,Vowel,p-v,C+Vowel,pvpv
145,66,607882,option_2,법다,1,C,nonce,kvp,ta,kvpta,1,NA,NA,NA,NA,Obstruent,p-t,C+Obstruent,pvpda
72,97,607882,option_1,법나,1,C,nonce,kvp,na,kvpna,NA,1,NA,NA,NA,Sonorant,p-n,C+Sonorant,pvmna
163,10,607882,option_2,붉나,5,LC,high,pulk,na,pulkna,NA,0,0,0,0,NA,NA,NA,NA
70,105,607882,option_3,붉다,5,LC,high,pulk,ta,pulkta,1,NA,0,1,NA,NA,NA,NA,NA
51,136,607882,option_1,붉어,5,LC,high,pulk,v,pulkv,0,NA,0,0,NA,NA,NA,NA,NA
176,103,607882,option_3,붍다,1,LC,nonce,pulT,ta,pulTta,1,NA,0,1,NA,NA,NA,NA,NA
120,164,607882,option_1,붍어,1,LC,nonce,pulT,v,pulTv,0,NA,0,0,NA,NA,NA,NA,NA
162,68,607882,option_1,붍나,1,LC,nonce,pulT,na,pulTna,NA,1,1,0,0,NA,NA,NA,NA
135,67,607882,option_2,뽑다,5,C,high,p*op,ta,p*opta,1,NA,NA,NA,NA,Obstruent,p-t,C+Obstruent,bopda
15,127,607882,option_1,뽑아,5,C,high,p*op,a,p*opa,0,NA,NA,NA,NA,Vowel,p-a,C+Vowel,bopa
23,77,607882,option_1,뽑나,5,C,high,p*op,na,p*opna,NA,1,NA,NA,NA,Sonorant,p-n,C+Sonorant,bomna
146,118,607882,option_2,속다,5,C,low,sok,ta,sokta,1,NA,NA,NA,NA,Obstruent,k-t,C+Obstruent,sokda
92,26,607882,option_1,속아,5,C,low,sok,a,soka,0,NA,NA,NA,NA,Vowel,k-a,C+Vowel,soka
126,12,607882,option_1,속나,5,C,low,sok,na,sokna,NA,1,NA,NA,NA,Sonorant,k-n,C+Sonorant,soNna
63,51,607882,option_2,숡다,2,LC,nonce,sulk,ta,sulkta,1,NA,0,0,NA,NA,NA,NA,NA
154,81,607882,option_1,숡어,2,LC,nonce,sulk,v,sulkv,0,NA,0,0,NA,NA,NA,NA,NA
13,116,607882,option_4,숡나,2,LC,nonce,sulk,na,sulkna,NA,0,0,1,0,NA,NA,NA,NA
86,120,607882,option_1,식나,5,C,low,sik,na,sikna,NA,1,NA,NA,NA,Sonorant,k-n,C+Sonorant,siNna
3,104,607882,option_1,식다,5,C,low,sik,ta,sikta,0,NA,NA,NA,NA,Obstruent,k-t,C+Obstruent,sikta
28,76,607882,option_1,식어,5,C,low,sik,v,sikv,0,NA,NA,NA,NA,Vowel,k-v,C+Vowel,sikv
45,3,607882,option_1,썩나,5,C,high,s*vk,na,s*vkna,NA,1,NA,NA,NA,Sonorant,k-n,C+Sonorant,SvNna
22,24,607882,option_1,썩어,5,C,high,s*vk,v,s*vkv,0,NA,NA,NA,NA,Vowel,k-v,C+Vowel,Svkv
8,50,607882,option_2,썩다,5,C,high,s*vk,ta,s*vkta,1,NA,NA,NA,NA,Obstruent,k-t,C+Obstruent,Svkda
16,140,607882,option_1,씹어,5,C,high,s*ip,v,s*ipv,0,NA,NA,NA,NA,Vowel,p-v,C+Vowel,Sipv
47,160,607882,option_1,씹나,5,C,high,s*ip,na,s*ipna,NA,1,NA,NA,NA,Sonorant,p-n,C+Sonorant,Simna
56,119,607882,option_2,씹다,5,C,high,s*ip,ta,s*ipta,1,NA,NA,NA,NA,Obstruent,p-t,C+Obstruent,Sipda
100,89,607882,option_2,앍나,1,LC,nonce,alk,na,alkna,NA,0,0,0,0,NA,NA,NA,NA
18,34,607882,option_1,앍아,1,LC,nonce,alk,a,alka,0,NA,0,0,NA,NA,NA,NA,NA
144,40,607882,option_4,앍다,1,LC,nonce,alk,ta,alkta,1,NA,1,0,NA,NA,NA,NA,NA
49,145,607882,option_2,얇다,5,LC,low,yalp,ta,yalpta,1,NA,0,0,NA,NA,NA,NA,NA
134,165,607882,option_6,얇나,5,LC,low,yalp,na,yalpna,NA,1,0,0,0,NA,NA,NA,NA
156,146,607882,option_1,얇아,5,LC,low,yalp,a,yalpa,0,NA,0,0,NA,NA,NA,NA,NA
157,157,607882,option_1,얕아,5,C,low,yaT,a,yaTa,0,NA,NA,NA,NA,Vowel,T-a,C+Vowel,yaTa
115,148,607882,option_2,얕다,5,C,low,yaT,ta,yaTta,1,NA,NA,NA,NA,Obstruent,T-t,C+Obstruent,yatda
178,70,607882,option_1,얕나,5,C,low,yaT,na,yaTna,NA,1,NA,NA,NA,Sonorant,T-n,C+Sonorant,yanna
158,65,607882,option_3,얽다,5,LC,low,vlk,ta,vlkta,1,NA,0,1,NA,NA,NA,NA,NA
24,155,607882,option_2,얽나,5,LC,low,vlk,na,vlkna,NA,0,0,0,0,NA,NA,NA,NA
109,132,607882,option_1,얽어,5,LC,low,vlk,v,vlkv,0,NA,0,0,NA,NA,NA,NA,NA
34,64,607882,option_1,업나,5,C,low,vp,na,vpna,NA,1,NA,NA,NA,Sonorant,p-n,C+Sonorant,vmna
130,151,607882,option_1,업어,5,C,low,vp,v,vpv,0,NA,NA,NA,NA,Vowel,p-v,C+Vowel,vpv
98,73,607882,option_2,업다,5,C,low,vp,ta,vpta,1,NA,NA,NA,NA,Obstruent,p-t,C+Obstruent,vpda
2,56,607882,option_1,엎나,5,C,low,vP,na,vPna,NA,1,NA,NA,NA,Sonorant,P-n,C+Sonorant,vmna
164,15,607882,option_2,엎다,5,C,low,vP,ta,vPta,1,NA,NA,NA,NA,Obstruent,P-t,C+Obstruent,vpda
105,128,607882,option_1,엎어,5,C,low,vP,v,vPv,0,NA,NA,NA,NA,Vowel,P-v,C+Vowel,vPv
106,28,607882,option_2,엷나,2,LC,low,yvlp,na,yvlpna,NA,0,0,0,0,NA,NA,NA,NA
53,85,607882,option_1,엷어,2,LC,low,yvlp,v,yvlpv,0,NA,0,0,NA,NA,NA,NA,NA
73,149,607882,option_3,엷다,2,LC,low,yvlp,ta,yvlpta,1,NA,0,1,NA,NA,NA,NA,NA
68,175,607882,option_1,옅어,5,C,low,yvT,v,yvTv,0,NA,NA,NA,NA,Vowel,T-v,C+Vowel,jvTv
148,90,607882,option_1,옅나,5,C,low,yvT,na,yvTna,NA,1,NA,NA,NA,Sonorant,T-n,C+Sonorant,jvnna
99,6,607882,option_2,옅다,5,C,low,yvT,ta,yvTta,1,NA,NA,NA,NA,Obstruent,T-t,C+Obstruent,jvtda
133,94,607882,option_1,웁어,2,C,nonce,up,v,upv,0,NA,NA,NA,NA,Vowel,p-v,C+Vowel,upv
58,55,607882,option_2,웁다,2,C,nonce,up,ta,upta,1,NA,NA,NA,NA,Obstruent,p-t,C+Obstruent,upda
10,88,607882,option_1,웁나,2,C,nonce,up,na,upna,NA,1,NA,NA,NA,Sonorant,p-n,C+Sonorant,umna
5,111,607882,option_1,읊어,5,LC,low,xlP,v,xlPv,0,NA,0,0,NA,NA,NA,NA,NA
66,177,607882,option_6,읊나,5,LC,low,xlP,na,xlPna,NA,1,0,0,0,NA,NA,NA,NA
172,108,607882,option_4,읊다,5,LC,low,xlP,ta,xlPta,1,NA,1,0,NA,NA,NA,NA,NA
81,53,607882,option_1,익나,5,C,low,ik,na,ikna,NA,1,NA,NA,NA,Sonorant,k-n,C+Sonorant,iNna
59,87,607882,option_2,익다,5,C,low,ik,ta,ikta,1,NA,NA,NA,NA,Obstruent,k-t,C+Obstruent,ikda
9,49,607882,option_1,익어,5,C,low,ik,v,ikv,0,NA,NA,NA,NA,Vowel,k-v,C+Vowel,ikv
103,102,607882,option_2,읽다,5,LC,high,ilk,ta,ilkta,1,NA,0,0,NA,NA,NA,NA,NA
17,75,607882,option_2,읽나,5,LC,high,ilk,na,ilkna,NA,0,0,0,0,NA,NA,NA,NA
14,125,607882,option_1,읽어,5,LC,high,ilk,v,ilkv,0,NA,0,0,NA,NA,NA,NA,NA
124,71,607882,option_1,입어,5,C,high,ip,v,ipv,0,NA,NA,NA,NA,Vowel,p-v,C+Vowel,ipv
117,63,607882,option_2,입다,5,C,high,ip,ta,ipta,1,NA,NA,NA,NA,Obstruent,p-t,C+Obstruent,ipda
52,171,607882,option_1,입나,5,C,high,ip,na,ipna,NA,1,NA,NA,NA,Sonorant,p-n,C+Sonorant,imna
102,18,607882,option_1,작나,5,C,high,cak,na,cakna,NA,1,NA,NA,NA,Sonorant,k-n,C+Sonorant,caNna
111,59,607882,option_1,작아,5,C,high,cak,a,caka,0,NA,NA,NA,NA,Vowel,k-a,C+Vowel,caka
161,4,607882,option_2,작다,5,C,high,cak,ta,cakta,1,NA,NA,NA,NA,Obstruent,k-t,C+Obstruent,cakda
6,180,607882,option_1,적나,5,C,high,cvk,na,cvkna,NA,1,NA,NA,NA,Sonorant,k-n,C+Sonorant,cvNna
38,30,607882,option_1,적어,5,C,high,cvk,v,cvkv,0,NA,NA,NA,NA,Vowel,k-v,C+Vowel,cvkv
177,8,607882,option_2,적다,5,C,high,cvk,ta,cvkta,1,NA,NA,NA,NA,Obstruent,k-t,C+Obstruent,cvkda
94,7,607882,option_1,접어,5,C,high,cvp,v,cvpv,0,NA,NA,NA,NA,Vowel,p-v,C+Vowel,cvpv
169,135,607882,option_1,접나,5,C,high,cvp,na,cvpna,NA,1,NA,NA,NA,Sonorant,p-n,C+Sonorant,cvmna
69,14,607882,option_2,접다,5,C,high,cvp,ta,cvpta,1,NA,NA,NA,NA,Obstruent,p-t,C+Obstruent,cvpda
91,142,607882,option_2,직다,3,C,nonce,cik,ta,cikta,1,NA,NA,NA,NA,Obstruent,k-t,C+Obstruent,cikda
122,141,607882,option_1,직나,3,C,nonce,cik,na,cikna,NA,1,NA,NA,NA,Sonorant,k-n,C+Sonorant,ciNna
129,161,607882,option_1,직어,3,C,nonce,cik,v,cikv,0,NA,NA,NA,NA,Vowel,k-v,C+Vowel,cikv
167,167,607882,option_2,짉나,1,LC,nonce,cilk,na,cilkna,NA,0,0,0,0,NA,NA,NA,NA
44,122,607882,option_3,짉다,1,LC,nonce,cilk,ta,cilkta,1,NA,0,1,NA,NA,NA,NA,NA
104,156,607882,option_1,짉어,1,LC,nonce,cilk,v,cilkv,0,NA,0,0,NA,NA,NA,NA,NA
1,32,607882,option_2,집다,5,C,high,cip,ta,cipta,1,NA,NA,NA,NA,Obstruent,p-t,C+Obstruent,cipda
153,169,607882,option_1,집어,5,C,high,cip,v,cipv,0,NA,NA,NA,NA,Vowel,p-v,C+Vowel,cipv
39,101,607882,option_1,집나,5,C,high,cip,na,cipna,NA,1,NA,NA,NA,Sonorant,p-n,C+Sonorant,cimna
4,106,607882,option_6,짧나,5,LC,high,Jalp,na,Jalpna,NA,1,0,0,0,NA,NA,NA,NA
137,78,607882,option_3,짧다,5,LC,high,Jalp,ta,Jalpta,1,NA,0,1,NA,NA,NA,NA,NA
64,80,607882,option_1,짧아,5,LC,high,Jalp,a,Jalpa,0,NA,0,0,NA,NA,NA,NA,NA
84,153,607882,option_1,찍어,5,C,low,Jik,v,Jikv,0,NA,NA,NA,NA,Vowel,k-v,C+Vowel,Jikv
65,2,607882,option_2,찍다,5,C,low,Jik,ta,Jikta,1,NA,NA,NA,NA,Obstruent,k-t,C+Obstruent,Jikda
173,162,607882,option_1,찍나,5,C,low,Jik,na,Jikna,NA,1,NA,NA,NA,Sonorant,k-n,C+Sonorant,JiNna
132,114,607882,option_1,착나,1,C,nonce,Cak,na,Cakna,NA,1,NA,NA,NA,Sonorant,k-n,C+Sonorant,CaNna
76,27,607882,option_1,착아,1,C,nonce,Cak,a,Caka,0,NA,NA,NA,NA,Vowel,k-a,C+Vowel,Caka
97,174,607882,option_2,착다,1,C,nonce,Cak,ta,Cakta,1,NA,NA,NA,NA,Obstruent,k-t,C+Obstruent,Cakda
42,96,607882,option_1,톱나,2,C,nonce,Top,na,Topna,NA,1,NA,NA,NA,Sonorant,p-n,C+Sonorant,Tomna
41,43,607882,option_1,톱아,2,C,nonce,Top,a,Topa,0,NA,NA,NA,NA,Vowel,p-a,C+Vowel,Topa
80,62,607882,option_2,톱다,2,C,nonce,Top,ta,Topta,1,NA,NA,NA,NA,Obstruent,p-t,C+Obstruent,Topda
142,150,607882,option_1,핥나,5,LC,low,halT,na,halTna,NA,1,1,0,0,NA,NA,NA,NA
40,23,607882,option_1,핥아,5,LC,low,halT,a,halTa,0,NA,0,0,NA,NA,NA,NA,NA
113,84,607882,option9_other,핥다,5,LC,low,halT,ta,halTta,NA,NA,NA,NA,NA,NA,NA,NA,NA
141,21,607882,option9_other,훑다,5,LC,low,hulT,ta,hulTta,NA,NA,NA,NA,NA,NA,NA,NA,NA
180,159,607882,option_1,훑어,5,LC,low,hulT,v,hulTv,0,NA,0,0,NA,NA,NA,NA,NA
20,143,607882,option_4,훑나,5,LC,low,hulT,na,hulTna,NA,0,0,1,0,NA,NA,NA,NA
171,57,608348,option_1,갉다,5,LC,low,kalk,ta,kalkta,0,NA,0,0,NA,NA,NA,NA,NA
157,144,608348,option_2,갉나,5,LC,low,kalk,na,kalkna,NA,0,0,0,0,NA,NA,NA,NA
67,58,608348,option_1,갉아,5,LC,low,kalk,a,kalka,0,NA,0,0,NA,NA,NA,NA,NA
82,32,608348,option_1,겊다,3,C,nonce,kvP,ta,kvPta,0,NA,NA,NA,NA,Obstruent,P-t,C+Obstruent,kvpta
97,14,608348,option_2,겊나,3,C,nonce,kvP,na,kvPna,NA,0,NA,NA,NA,Sonorant,P-n,C+Sonorant,kvPna
59,62,608348,option_1,겊어,3,C,nonce,kvP,v,kvPv,0,NA,NA,NA,NA,Vowel,P-v,C+Vowel,kvPv
167,95,608348,option_1,겳어,1,LC,nonce,kjvlp,v,kjvlpv,0,NA,0,0,NA,NA,NA,NA,NA
109,77,608348,option_2,겳나,1,LC,nonce,kjvlp,na,kjvlpna,NA,0,0,0,0,NA,NA,NA,NA
136,81,608348,option_1,겳다,1,LC,nonce,kjvlp,ta,kjvlpta,0,NA,0,0,NA,NA,NA,NA,NA
4,152,608348,option_1,굵어,5,LC,high,kulk,v,kulkv,0,NA,0,0,NA,NA,NA,NA,NA
62,136,608348,option_1,굵다,5,LC,high,kulk,ta,kulkta,0,NA,0,0,NA,NA,NA,NA,NA
128,42,608348,option_2,굵나,5,LC,high,kulk,na,kulkna,NA,0,0,0,0,NA,NA,NA,NA
37,130,608348,option_1,긁어,5,LC,low,kxlk,v,kxlkv,0,NA,0,0,NA,NA,NA,NA,NA
7,127,608348,option_2,긁나,5,LC,low,kxlk,na,kxlkna,NA,0,0,0,0,NA,NA,NA,NA
47,38,608348,option_6,긁다,5,LC,low,kxlk,ta,kxlkta,0,NA,1,0,NA,NA,NA,NA,NA
21,157,608348,option_1,긆어,3,LC,nonce,kxlP,v,kxlPv,0,NA,0,0,NA,NA,NA,NA,NA
12,141,608348,option_2,긆나,3,LC,nonce,kxlP,na,kxlPna,NA,0,0,0,0,NA,NA,NA,NA
68,142,608348,option_1,긆다,3,LC,nonce,kxlP,ta,kxlPta,0,NA,0,0,NA,NA,NA,NA,NA
123,39,608348,option_2,낡나,5,LC,high,nalk,na,nalkna,NA,0,0,0,0,NA,NA,NA,NA
23,72,608348,option_4,낡다,5,LC,high,nalk,ta,nalkta,1,NA,1,0,NA,NA,NA,NA,NA
137,98,608348,option_1,낡아,5,LC,high,nalk,a,nalka,0,NA,0,0,NA,NA,NA,NA,NA
38,171,608348,option_1,낣아,3,LC,nonce,nalp,a,nalpa,0,NA,0,0,NA,NA,NA,NA,NA
88,91,608348,option_2,낣나,3,LC,nonce,nalp,na,nalpna,NA,0,0,0,0,NA,NA,NA,NA
138,135,608348,option_1,낣다,3,LC,nonce,nalp,ta,nalpta,0,NA,0,0,NA,NA,NA,NA,NA
75,1,608348,option_1,냍어,1,C,nonce,neT,v,neTv,0,NA,NA,NA,NA,Vowel,T-v,C+Vowel,neTv
34,86,608348,option_1,냍다,1,C,nonce,neT,ta,neTta,0,NA,NA,NA,NA,Obstruent,T-t,C+Obstruent,netta
134,31,608348,option_2,냍나,1,C,nonce,neT,na,neTna,NA,0,NA,NA,NA,Sonorant,T-n,C+Sonorant,neTna
66,116,608348,option_1,넓어,5,LC,high,nvlp,v,nvlpv,0,NA,0,0,NA,NA,NA,NA,NA
56,133,608348,option_2,넓나,5,LC,high,nvlp,na,nvlpna,NA,0,0,0,0,NA,NA,NA,NA
165,176,608348,option_1,넓다,5,LC,high,nvlp,ta,nvlpta,0,NA,0,0,NA,NA,NA,NA,NA
112,29,608348,option_1,눅다,4,C,nonce,nuk,ta,nukta,0,NA,NA,NA,NA,Obstruent,k-t,C+Obstruent,nukta
40,149,608348,option_2,눅나,4,C,nonce,nuk,na,nukna,NA,0,NA,NA,NA,Sonorant,k-n,C+Sonorant,nukna
50,34,608348,option_1,눅어,4,C,nonce,nuk,v,nukv,0,NA,NA,NA,NA,Vowel,k-v,C+Vowel,nukv
131,114,608348,option_1,늙다,5,LC,high,nxlk,ta,nxlkta,0,NA,0,0,NA,NA,NA,NA,NA
80,161,608348,option_3,늙나,5,LC,high,nxlk,na,nxlkna,NA,0,1,0,0,NA,NA,NA,NA
155,9,608348,option_1,늙어,5,LC,high,nxlk,v,nxlkv,0,NA,0,0,NA,NA,NA,NA,NA
105,174,608348,option_2,덟나,2,LC,nonce,tvlp,na,tvlpna,NA,0,0,0,0,NA,NA,NA,NA
160,27,608348,option_1,덟다,2,LC,nonce,tvlp,ta,tvlpta,0,NA,0,0,NA,NA,NA,NA,NA
13,128,608348,option_1,덟어,2,LC,nonce,tvlp,v,tvlpv,0,NA,0,0,NA,NA,NA,NA,NA
8,175,608348,option_2,독나,3,C,nonce,tok,na,tokna,NA,0,NA,NA,NA,Sonorant,k-n,C+Sonorant,tokna
3,35,608348,option_1,독아,3,C,nonce,tok,a,toka,0,NA,NA,NA,NA,Vowel,k-a,C+Vowel,toka
101,115,608348,option_1,독다,3,C,nonce,tok,ta,tokta,0,NA,NA,NA,NA,Obstruent,k-t,C+Obstruent,tokta
115,75,608348,option_1,둡다,2,C,nonce,tup,ta,tupta,0,NA,NA,NA,NA,Obstruent,p-t,C+Obstruent,tupta
122,45,608348,option_1,둡어,2,C,nonce,tup,v,tupv,0,NA,NA,NA,NA,Vowel,p-v,C+Vowel,tupv
70,60,608348,option_2,둡나,2,C,nonce,tup,na,tupna,NA,0,NA,NA,NA,Sonorant,p-n,C+Sonorant,tupna
133,158,608348,option_2,듥나,1,LC,nonce,txlk,na,txlkna,NA,0,0,0,0,NA,NA,NA,NA
103,36,608348,option_1,듥다,1,LC,nonce,txlk,ta,txlkta,0,NA,0,0,NA,NA,NA,NA,NA
83,90,608348,option_1,듥어,1,LC,nonce,txlk,v,txlkv,0,NA,0,0,NA,NA,NA,NA,NA
176,48,608348,option_1,떫어,5,LC,low,dvlp,v,dvlpv,0,NA,0,0,NA,NA,NA,NA,NA
22,16,608348,option_1,떫다,5,LC,low,dvlp,ta,dvlpta,0,NA,0,0,NA,NA,NA,NA,NA
169,92,608348,option_2,떫나,5,LC,low,dvlp,na,dvlpna,NA,0,0,0,0,NA,NA,NA,NA
24,129,608348,option_1,막아,5,C,high,mak,a,maka,0,NA,NA,NA,NA,Vowel,k-a,C+Vowel,maka
31,47,608348,option_1,막다,5,C,high,mak,ta,makta,0,NA,NA,NA,NA,Obstruent,k-t,C+Obstruent,makta
107,70,608348,option_2,막나,5,C,high,mak,na,makna,NA,0,NA,NA,NA,Sonorant,k-n,C+Sonorant,makna
117,131,608348,option_1,맑아,5,LC,high,malk,a,malka,0,NA,0,0,NA,NA,NA,NA,NA
166,88,608348,option_2,맑나,5,LC,high,malk,na,malkna,NA,0,0,0,0,NA,NA,NA,NA
156,67,608348,option_1,맑다,5,LC,high,malk,ta,malkta,0,NA,0,0,NA,NA,NA,NA,NA
2,153,608348,option_3,멁나,3,LC,nonce,mvlk,na,mvlkna,NA,0,1,0,0,NA,NA,NA,NA
27,143,608348,option_6,멁다,3,LC,nonce,mvlk,ta,mvlkta,0,NA,1,0,NA,NA,NA,NA,NA
102,49,608348,option_1,멁어,3,LC,nonce,mvlk,v,mvlkv,0,NA,0,0,NA,NA,NA,NA,NA
104,12,608348,option_2,묵나,3,C,low,muk,na,mukna,NA,0,NA,NA,NA,Sonorant,k-n,C+Sonorant,mukna
32,180,608348,option_1,묵다,3,C,low,muk,ta,mukta,0,NA,NA,NA,NA,Obstruent,k-t,C+Obstruent,mukta
150,68,608348,option_1,묵어,3,C,low,muk,v,mukv,0,NA,NA,NA,NA,Vowel,k-v,C+Vowel,mukv
92,148,608348,option_1,묽어,5,LC,low,mulk,v,mulkv,0,NA,0,0,NA,NA,NA,NA,NA
174,132,608348,option_2,묽나,5,LC,low,mulk,na,mulkna,NA,0,0,0,0,NA,NA,NA,NA
106,20,608348,option_1,묽다,5,LC,low,mulk,ta,mulkta,0,NA,0,0,NA,NA,NA,NA,NA
39,84,608348,option_1,박아,5,C,high,pak,a,paka,0,NA,NA,NA,NA,Vowel,k-a,C+Vowel,paka
180,69,608348,option_1,박다,5,C,high,pak,ta,pakta,0,NA,NA,NA,NA,Obstruent,k-t,C+Obstruent,pakta
78,54,608348,option_2,박나,5,C,high,pak,na,pakna,NA,0,NA,NA,NA,Sonorant,k-n,C+Sonorant,pakna
164,76,608348,option_1,밝아,5,LC,high,palk,a,palka,0,NA,0,0,NA,NA,NA,NA,NA
58,6,608348,option_2,밝나,5,LC,high,palk,na,palkna,NA,0,0,0,0,NA,NA,NA,NA
69,146,608348,option_1,밝다,5,LC,high,palk,ta,palkta,0,NA,0,0,NA,NA,NA,NA,NA
121,83,608348,option_2,밟나,5,LC,high,palp,na,palpna,NA,0,0,0,0,NA,NA,NA,NA
30,97,608348,option_3,밟다,5,LC,high,palp,ta,palpta,1,NA,0,1,NA,NA,NA,NA,NA
28,106,608348,option_1,밟아,5,LC,high,palp,a,palpa,0,NA,0,0,NA,NA,NA,NA,NA
141,79,608348,option_1,뱉다,5,C,low,peT,ta,peTta,0,NA,NA,NA,NA,Obstruent,T-t,C+Obstruent,petta
124,52,608348,option_2,뱉나,5,C,low,peT,na,peTna,NA,0,NA,NA,NA,Sonorant,T-n,C+Sonorant,peTna
99,173,608348,option_1,뱉어,5,C,low,peT,v,peTv,0,NA,NA,NA,NA,Vowel,T-v,C+Vowel,peTv
130,25,608348,option_1,법어,2,C,nonce,kvp,v,kvpv,0,NA,NA,NA,NA,Vowel,p-v,C+Vowel,pvpv
118,19,608348,option_1,법다,2,C,nonce,kvp,ta,kvpta,0,NA,NA,NA,NA,Obstruent,p-t,C+Obstruent,pvpta
154,96,608348,option_2,법나,2,C,nonce,kvp,na,kvpna,NA,0,NA,NA,NA,Sonorant,p-n,C+Sonorant,pvpna
161,111,608348,option_2,붉나,5,LC,high,pulk,na,pulkna,NA,0,0,0,0,NA,NA,NA,NA
175,125,608348,option_1,붉다,5,LC,high,pulk,ta,pulkta,0,NA,0,0,NA,NA,NA,NA,NA
10,24,608348,option_1,붉어,5,LC,high,pulk,v,pulkv,0,NA,0,0,NA,NA,NA,NA,NA
11,74,608348,option_2,붍나,1,LC,nonce,pulT,na,pulTna,NA,0,0,0,0,NA,NA,NA,NA
119,61,608348,option_1,붍다,1,LC,nonce,pulT,ta,pulTta,0,NA,0,0,NA,NA,NA,NA,NA
146,41,608348,option_1,붍어,1,LC,nonce,pulT,v,pulTv,0,NA,0,0,NA,NA,NA,NA,NA
33,21,608348,option_1,뽑아,5,C,high,p*op,a,p*opa,0,NA,NA,NA,NA,Vowel,p-a,C+Vowel,bopa
19,64,608348,option_2,뽑나,5,C,high,p*op,na,p*opna,NA,0,NA,NA,NA,Sonorant,p-n,C+Sonorant,bopna
36,56,608348,option_1,뽑다,5,C,high,p*op,ta,p*opta,0,NA,NA,NA,NA,Obstruent,p-t,C+Obstruent,bopta
108,150,608348,option_1,속아,5,C,low,sok,a,soka,0,NA,NA,NA,NA,Vowel,k-a,C+Vowel,soka
71,140,608348,option_2,속나,5,C,low,sok,na,sokna,NA,0,NA,NA,NA,Sonorant,k-n,C+Sonorant,sokna
90,102,608348,option_1,속다,5,C,low,sok,ta,sokta,0,NA,NA,NA,NA,Obstruent,k-t,C+Obstruent,sokta
52,10,608348,option_4,숡어,1,LC,nonce,sulk,v,sulkv,0,NA,1,0,NA,NA,NA,NA,NA
173,50,608348,option_2,숡나,1,LC,nonce,sulk,na,sulkna,NA,0,0,0,0,NA,NA,NA,NA
179,5,608348,option_1,숡다,1,LC,nonce,sulk,ta,sulkta,0,NA,0,0,NA,NA,NA,NA,NA
145,137,608348,option_2,식나,5,C,low,sik,na,sikna,NA,0,NA,NA,NA,Sonorant,k-n,C+Sonorant,sikna
135,166,608348,option_1,식어,5,C,low,sik,v,sikv,0,NA,NA,NA,NA,Vowel,k-v,C+Vowel,sikv
98,46,608348,option_1,식다,5,C,low,sik,ta,sikta,0,NA,NA,NA,NA,Obstruent,k-t,C+Obstruent,sikta
15,103,608348,option_2,썩나,5,C,high,s*vk,na,s*vkna,NA,0,NA,NA,NA,Sonorant,k-n,C+Sonorant,Svkna
147,73,608348,option_1,썩어,5,C,high,s*vk,v,s*vkv,0,NA,NA,NA,NA,Vowel,k-v,C+Vowel,Svkv
93,120,608348,option_1,썩다,5,C,high,s*vk,ta,s*vkta,0,NA,NA,NA,NA,Obstruent,k-t,C+Obstruent,Svkta
100,165,608348,option_2,씹나,5,C,high,s*ip,na,s*ipna,NA,0,NA,NA,NA,Sonorant,p-n,C+Sonorant,Sipna
158,107,608348,option_1,씹어,5,C,high,s*ip,v,s*ipv,0,NA,NA,NA,NA,Vowel,p-v,C+Vowel,Sipv
149,43,608348,option_1,씹다,5,C,high,s*ip,ta,s*ipta,0,NA,NA,NA,NA,Obstruent,p-t,C+Obstruent,Sipta
177,169,608348,option_1,앍아,1,LC,nonce,alk,a,alka,0,NA,0,0,NA,NA,NA,NA,NA
113,51,608348,option_1,앍다,1,LC,nonce,alk,ta,alkta,0,NA,0,0,NA,NA,NA,NA,NA
132,18,608348,option_2,앍나,1,LC,nonce,alk,na,alkna,NA,0,0,0,0,NA,NA,NA,NA
89,112,608348,option_1,얇아,5,LC,low,yalp,a,yalpa,0,NA,0,0,NA,NA,NA,NA,NA
60,40,608348,option_2,얇나,5,LC,low,yalp,na,yalpna,NA,0,0,0,0,NA,NA,NA,NA
116,82,608348,option_1,얇다,5,LC,low,yalp,ta,yalpta,0,NA,0,0,NA,NA,NA,NA,NA
25,121,608348,option_1,얕아,5,C,low,yaT,a,yaTa,0,NA,NA,NA,NA,Vowel,T-a,C+Vowel,yaTa
44,28,608348,option_2,얕나,5,C,low,yaT,na,yaTna,NA,0,NA,NA,NA,Sonorant,T-n,C+Sonorant,yaTna
45,154,608348,option_1,얕다,5,C,low,yaT,ta,yaTta,0,NA,NA,NA,NA,Obstruent,T-t,C+Obstruent,yatta
86,22,608348,option_1,얽다,3,LC,low,vlk,ta,vlkta,0,NA,0,0,NA,NA,NA,NA,NA
127,138,608348,option_2,얽나,3,LC,low,vlk,na,vlkna,NA,0,0,0,0,NA,NA,NA,NA
18,59,608348,option_1,얽어,3,LC,low,vlk,v,vlkv,0,NA,0,0,NA,NA,NA,NA,NA
74,65,608348,option_1,업어,5,C,low,vp,v,vpv,0,NA,NA,NA,NA,Vowel,p-v,C+Vowel,vpv
163,11,608348,option_2,업나,5,C,low,vp,na,vpna,NA,0,NA,NA,NA,Sonorant,p-n,C+Sonorant,vpna
170,123,608348,option_1,업다,5,C,low,vp,ta,vpta,0,NA,NA,NA,NA,Obstruent,p-t,C+Obstruent,vpta
1,15,608348,option_2,엎다,5,C,low,vP,ta,vPta,1,NA,NA,NA,NA,Obstruent,P-t,C+Obstruent,vpda
77,179,608348,option_1,엎어,5,C,low,vP,v,vPv,0,NA,NA,NA,NA,Vowel,P-v,C+Vowel,vPv
151,8,608348,option_2,엎나,5,C,low,vP,na,vPna,NA,0,NA,NA,NA,Sonorant,P-n,C+Sonorant,vpna
120,134,608348,option_2,엷나,3,LC,low,yvlp,na,yvlpna,NA,0,0,0,0,NA,NA,NA,NA
84,151,608348,option_1,엷어,3,LC,low,yvlp,v,yvlpv,0,NA,0,0,NA,NA,NA,NA,NA
6,168,608348,option_4,엷다,3,LC,low,yvlp,ta,yvlpta,1,NA,1,0,NA,NA,NA,NA,NA
91,110,608348,option_2,옅나,5,C,low,yvT,na,yvTna,NA,0,NA,NA,NA,Sonorant,T-n,C+Sonorant,jvTna
73,100,608348,option_1,옅어,5,C,low,yvT,v,yvTv,0,NA,NA,NA,NA,Vowel,T-v,C+Vowel,jvTv
41,170,608348,option_1,옅다,5,C,low,yvT,ta,yvTta,0,NA,NA,NA,NA,Obstruent,T-t,C+Obstruent,jvtta
81,147,608348,option_1,웁다,1,C,nonce,up,ta,upta,0,NA,NA,NA,NA,Obstruent,p-t,C+Obstruent,upta
140,71,608348,option_1,웁어,1,C,nonce,up,v,upv,0,NA,NA,NA,NA,Vowel,p-v,C+Vowel,upv
35,109,608348,option_2,웁나,1,C,nonce,up,na,upna,NA,0,NA,NA,NA,Sonorant,p-n,C+Sonorant,upna
51,37,608348,option_2,읊다,5,LC,low,xlP,ta,xlPta,1,NA,0,0,NA,NA,NA,NA,NA
126,145,608348,option_1,읊어,5,LC,low,xlP,v,xlPv,0,NA,0,0,NA,NA,NA,NA,NA
65,172,608348,option_2,읊나,5,LC,low,xlP,na,xlPna,NA,0,0,0,0,NA,NA,NA,NA
94,139,608348,option_1,익어,5,C,low,ik,v,ikv,0,NA,NA,NA,NA,Vowel,k-v,C+Vowel,ikv
139,155,608348,option_1,익다,5,C,low,ik,ta,ikta,0,NA,NA,NA,NA,Obstruent,k-t,C+Obstruent,ikta
9,7,608348,option_2,익나,5,C,low,ik,na,ikna,NA,0,NA,NA,NA,Sonorant,k-n,C+Sonorant,ikna
46,105,608348,option_1,읽어,5,LC,high,ilk,v,ilkv,0,NA,0,0,NA,NA,NA,NA,NA
95,23,608348,option_1,읽다,5,LC,high,ilk,ta,ilkta,0,NA,0,0,NA,NA,NA,NA,NA
64,164,608348,option_2,읽나,5,LC,high,ilk,na,ilkna,NA,0,0,0,0,NA,NA,NA,NA
16,63,608348,option_1,입어,5,C,high,ip,v,ipv,0,NA,NA,NA,NA,Vowel,p-v,C+Vowel,ipv
72,44,608348,option_1,입다,5,C,high,ip,ta,ipta,0,NA,NA,NA,NA,Obstruent,p-t,C+Obstruent,ipta
162,124,608348,option_2,입나,5,C,high,ip,na,ipna,NA,0,NA,NA,NA,Sonorant,p-n,C+Sonorant,ipna
42,93,608348,option_1,작다,5,C,high,cak,ta,cakta,0,NA,NA,NA,NA,Obstruent,k-t,C+Obstruent,cakta
159,167,608348,option_1,작아,5,C,high,cak,a,caka,0,NA,NA,NA,NA,Vowel,k-a,C+Vowel,caka
53,160,608348,option_1,작나,5,C,high,cak,na,cakna,NA,1,NA,NA,NA,Sonorant,k-n,C+Sonorant,caNna
125,13,608348,option_1,적어,5,C,high,cvk,v,cvkv,0,NA,NA,NA,NA,Vowel,k-v,C+Vowel,cvkv
111,163,608348,option_1,적다,5,C,high,cvk,ta,cvkta,0,NA,NA,NA,NA,Obstruent,k-t,C+Obstruent,cvkta
61,117,608348,option_2,적나,5,C,high,cvk,na,cvkna,NA,0,NA,NA,NA,Sonorant,k-n,C+Sonorant,cvkna
143,122,608348,option_1,접어,5,C,high,cvp,v,cvpv,0,NA,NA,NA,NA,Vowel,p-v,C+Vowel,cvpv
17,30,608348,option_1,접다,5,C,high,cvp,ta,cvpta,0,NA,NA,NA,NA,Obstruent,p-t,C+Obstruent,cvpta
144,101,608348,option_2,접나,5,C,high,cvp,na,cvpna,NA,0,NA,NA,NA,Sonorant,p-n,C+Sonorant,cvpna
54,119,608348,option_1,직나,2,C,nonce,cik,na,cikna,NA,1,NA,NA,NA,Sonorant,k-n,C+Sonorant,ciNna
43,118,608348,option_1,직다,2,C,nonce,cik,ta,cikta,0,NA,NA,NA,NA,Obstruent,k-t,C+Obstruent,cikta
48,85,608348,option_1,직어,2,C,nonce,cik,v,cikv,0,NA,NA,NA,NA,Vowel,k-v,C+Vowel,cikv
148,156,608348,option_2,짉나,3,LC,nonce,cilk,na,cilkna,NA,0,0,0,0,NA,NA,NA,NA
29,33,608348,option_2,짉다,3,LC,nonce,cilk,ta,cilkta,1,NA,0,0,NA,NA,NA,NA,NA
96,108,608348,option_1,짉어,3,LC,nonce,cilk,v,cilkv,0,NA,0,0,NA,NA,NA,NA,NA
20,99,608348,option_2,집나,5,C,high,cip,na,cipna,NA,0,NA,NA,NA,Sonorant,p-n,C+Sonorant,cipna
63,177,608348,option_1,집어,5,C,high,cip,v,cipv,0,NA,NA,NA,NA,Vowel,p-v,C+Vowel,cipv
57,53,608348,option_1,집다,5,C,high,cip,ta,cipta,0,NA,NA,NA,NA,Obstruent,p-t,C+Obstruent,cipta
49,126,608348,option_1,짧다,5,LC,high,Jalp,ta,Jalpta,0,NA,0,0,NA,NA,NA,NA,NA
55,178,608348,option_2,짧나,5,LC,high,Jalp,na,Jalpna,NA,0,0,0,0,NA,NA,NA,NA
153,94,608348,option_1,짧아,5,LC,high,Jalp,a,Jalpa,0,NA,0,0,NA,NA,NA,NA,NA
172,3,608348,option_2,찍나,5,C,low,Jik,na,Jikna,NA,0,NA,NA,NA,Sonorant,k-n,C+Sonorant,Jikna
178,87,608348,option_1,찍다,5,C,low,Jik,ta,Jikta,0,NA,NA,NA,NA,Obstruent,k-t,C+Obstruent,Jikta
76,80,608348,option_1,찍어,5,C,low,Jik,v,Jikv,0,NA,NA,NA,NA,Vowel,k-v,C+Vowel,Jikv
87,4,608348,option_2,착나,3,C,nonce,Cak,na,Cakna,NA,0,NA,NA,NA,Sonorant,k-n,C+Sonorant,Cakna
114,66,608348,option_1,착다,3,C,nonce,Cak,ta,Cakta,0,NA,NA,NA,NA,Obstruent,k-t,C+Obstruent,Cakta
26,78,608348,option_1,착아,3,C,nonce,Cak,a,Caka,0,NA,NA,NA,NA,Vowel,k-a,C+Vowel,Caka
168,2,608348,option_2,톱나,2,C,nonce,Top,na,Topna,NA,0,NA,NA,NA,Sonorant,p-n,C+Sonorant,Topna
142,26,608348,option_1,톱다,2,C,nonce,Top,ta,Topta,0,NA,NA,NA,NA,Obstruent,p-t,C+Obstruent,Topta
14,104,608348,option_1,톱아,2,C,nonce,Top,a,Topa,0,NA,NA,NA,NA,Vowel,p-a,C+Vowel,Topa
79,89,608348,option_1,핥아,5,LC,low,halT,a,halTa,0,NA,0,0,NA,NA,NA,NA,NA
5,159,608348,option_2,핥나,5,LC,low,halT,na,halTna,NA,0,0,0,0,NA,NA,NA,NA
110,55,608348,option_1,핥다,5,LC,low,halT,ta,halTta,0,NA,0,0,NA,NA,NA,NA,NA
85,17,608348,option_1,훑어,5,LC,low,hulT,v,hulTv,0,NA,0,0,NA,NA,NA,NA,NA
152,113,608348,option_1,훑다,5,LC,low,hulT,ta,hulTta,0,NA,0,0,NA,NA,NA,NA,NA
129,162,608348,option_2,훑나,5,LC,low,hulT,na,hulTna,NA,0,0,0,0,NA,NA,NA,NA
62,143,608860,option_1,갉아,5,LC,low,kalk,a,kalka,0,NA,0,0,NA,NA,NA,NA,NA
132,99,608860,option_2,갉나,5,LC,low,kalk,na,kalkna,NA,0,0,0,0,NA,NA,NA,NA
69,23,608860,option_2,갉다,5,LC,low,kalk,ta,kalkta,1,NA,0,0,NA,NA,NA,NA,NA
37,178,608860,option_2,겊다,1,C,nonce,kvP,ta,kvPta,1,NA,NA,NA,NA,Obstruent,P-t,C+Obstruent,kvpda
18,61,608860,option_1,겊어,1,C,nonce,kvP,v,kvPv,0,NA,NA,NA,NA,Vowel,P-v,C+Vowel,kvPv
164,106,608860,option_1,겊나,1,C,nonce,kvP,na,kvPna,NA,1,NA,NA,NA,Sonorant,P-n,C+Sonorant,kvmna
3,81,608860,option_4,겳다,1,LC,nonce,kjvlp,ta,kjvlpta,1,NA,1,0,NA,NA,NA,NA,NA
121,79,608860,option_2,겳나,1,LC,nonce,kjvlp,na,kjvlpna,NA,0,0,0,0,NA,NA,NA,NA
44,52,608860,option_1,겳어,1,LC,nonce,kjvlp,v,kjvlpv,0,NA,0,0,NA,NA,NA,NA,NA
176,93,608860,option_1,굵어,5,LC,high,kulk,v,kulkv,0,NA,0,0,NA,NA,NA,NA,NA
96,163,608860,option_2,굵다,5,LC,high,kulk,ta,kulkta,1,NA,0,0,NA,NA,NA,NA,NA
50,55,608860,option_2,굵나,5,LC,high,kulk,na,kulkna,NA,0,0,0,0,NA,NA,NA,NA
10,72,608860,option_2,긁다,5,LC,low,kxlk,ta,kxlkta,1,NA,0,0,NA,NA,NA,NA,NA
115,73,608860,option_1,긁어,5,LC,low,kxlk,v,kxlkv,0,NA,0,0,NA,NA,NA,NA,NA
13,113,608860,option_2,긁나,5,LC,low,kxlk,na,kxlkna,NA,0,0,0,0,NA,NA,NA,NA
29,156,608860,option9_other,긆나,1,LC,nonce,kxlP,na,kxlPna,NA,NA,NA,NA,NA,NA,NA,NA,NA
108,9,608860,option_1,긆어,1,LC,nonce,kxlP,v,kxlPv,0,NA,0,0,NA,NA,NA,NA,NA
9,31,608860,option_3,긆다,1,LC,nonce,kxlP,ta,kxlPta,1,NA,0,1,NA,NA,NA,NA,NA
34,114,608860,option_2,낡나,5,LC,high,nalk,na,nalkna,NA,0,0,0,0,NA,NA,NA,NA
12,20,608860,option_1,낡아,5,LC,high,nalk,a,nalka,0,NA,0,0,NA,NA,NA,NA,NA
76,137,608860,option_2,낡다,5,LC,high,nalk,ta,nalkta,1,NA,0,0,NA,NA,NA,NA,NA
138,130,608860,option_6,낣나,1,LC,nonce,nalp,na,nalpna,NA,1,0,0,0,NA,NA,NA,NA
126,91,608860,option_1,낣아,1,LC,nonce,nalp,a,nalpa,0,NA,0,0,NA,NA,NA,NA,NA
31,124,608860,option_2,낣다,1,LC,nonce,nalp,ta,nalpta,1,NA,0,0,NA,NA,NA,NA,NA
45,76,608860,option_2,냍다,1,C,nonce,neT,ta,neTta,1,NA,NA,NA,NA,Obstruent,T-t,C+Obstruent,netda
118,144,608860,option_1,냍나,1,C,nonce,neT,na,neTna,NA,1,NA,NA,NA,Sonorant,T-n,C+Sonorant,nenna
53,57,608860,option_1,냍어,1,C,nonce,neT,v,neTv,0,NA,NA,NA,NA,Vowel,T-v,C+Vowel,neTv
171,122,608860,option_2,넓나,5,LC,high,nvlp,na,nvlpna,NA,0,0,0,0,NA,NA,NA,NA
32,118,608860,option_1,넓어,5,LC,high,nvlp,v,nvlpv,0,NA,0,0,NA,NA,NA,NA,NA
95,164,608860,option_3,넓다,5,LC,high,nvlp,ta,nvlpta,1,NA,0,1,NA,NA,NA,NA,NA
94,101,608860,option_1,눅어,1,C,nonce,nuk,v,nukv,0,NA,NA,NA,NA,Vowel,k-v,C+Vowel,nukv
125,150,608860,option_2,눅다,1,C,nonce,nuk,ta,nukta,1,NA,NA,NA,NA,Obstruent,k-t,C+Obstruent,nukda
93,2,608860,option_1,눅나,1,C,nonce,nuk,na,nukna,NA,1,NA,NA,NA,Sonorant,k-n,C+Sonorant,nuNna
101,148,608860,option_2,늙나,5,LC,high,nxlk,na,nxlkna,NA,0,0,0,0,NA,NA,NA,NA
60,98,608860,option_4,늙다,5,LC,high,nxlk,ta,nxlkta,1,NA,1,0,NA,NA,NA,NA,NA
23,166,608860,option_1,늙어,5,LC,high,nxlk,v,nxlkv,0,NA,0,0,NA,NA,NA,NA,NA
42,102,608860,option_2,덟나,1,LC,nonce,tvlp,na,tvlpna,NA,0,0,0,0,NA,NA,NA,NA
15,25,608860,option_2,덟다,1,LC,nonce,tvlp,ta,tvlpta,1,NA,0,0,NA,NA,NA,NA,NA
54,18,608860,option_1,덟어,1,LC,nonce,tvlp,v,tvlpv,0,NA,0,0,NA,NA,NA,NA,NA
20,129,608860,option_2,독다,1,C,nonce,tok,ta,tokta,1,NA,NA,NA,NA,Obstruent,k-t,C+Obstruent,tokda
130,145,608860,option_1,독아,1,C,nonce,tok,a,toka,0,NA,NA,NA,NA,Vowel,k-a,C+Vowel,toka
99,7,608860,option_1,독나,1,C,nonce,tok,na,tokna,NA,1,NA,NA,NA,Sonorant,k-n,C+Sonorant,toNna
157,47,608860,option_1,둡어,1,C,nonce,tup,v,tupv,0,NA,NA,NA,NA,Vowel,p-v,C+Vowel,tupv
143,46,608860,option_1,둡나,1,C,nonce,tup,na,tupna,NA,1,NA,NA,NA,Sonorant,p-n,C+Sonorant,tumna
148,34,608860,option_2,둡다,1,C,nonce,tup,ta,tupta,1,NA,NA,NA,NA,Obstruent,p-t,C+Obstruent,tupda
156,86,608860,option_2,듥나,1,LC,nonce,txlk,na,txlkna,NA,0,0,0,0,NA,NA,NA,NA
91,171,608860,option_1,듥어,1,LC,nonce,txlk,v,txlkv,0,NA,0,0,NA,NA,NA,NA,NA
109,142,608860,option_1,듥다,1,LC,nonce,txlk,ta,txlkta,0,NA,0,0,NA,NA,NA,NA,NA
128,169,608860,option_2,떫나,5,LC,low,dvlp,na,dvlpna,NA,0,0,0,0,NA,NA,NA,NA
61,48,608860,option_2,떫다,5,LC,low,dvlp,ta,dvlpta,1,NA,0,0,NA,NA,NA,NA,NA
155,66,608860,option_1,떫어,5,LC,low,dvlp,v,dvlpv,0,NA,0,0,NA,NA,NA,NA,NA
103,60,608860,option_1,막아,5,C,high,mak,a,maka,0,NA,NA,NA,NA,Vowel,k-a,C+Vowel,maka
6,8,608860,option_2,막다,5,C,high,mak,ta,makta,1,NA,NA,NA,NA,Obstruent,k-t,C+Obstruent,makda
142,33,608860,option_1,막나,5,C,high,mak,na,makna,NA,1,NA,NA,NA,Sonorant,k-n,C+Sonorant,maNna
11,110,608860,option_1,맑아,5,LC,high,malk,a,malka,0,NA,0,0,NA,NA,NA,NA,NA
175,151,608860,option_2,맑나,5,LC,high,malk,na,malkna,NA,0,0,0,0,NA,NA,NA,NA
159,135,608860,option_2,맑다,5,LC,high,malk,ta,malkta,1,NA,0,0,NA,NA,NA,NA,NA
174,29,608860,option_1,멁어,1,LC,nonce,mvlk,v,mvlkv,0,NA,0,0,NA,NA,NA,NA,NA
72,176,608860,option_1,멁다,1,LC,nonce,mvlk,ta,mvlkta,0,NA,0,0,NA,NA,NA,NA,NA
88,107,608860,option_2,멁나,1,LC,nonce,mvlk,na,mvlkna,NA,0,0,0,0,NA,NA,NA,NA
68,115,608860,option_2,묵다,5,C,low,muk,ta,mukta,1,NA,NA,NA,NA,Obstruent,k-t,C+Obstruent,mukda
147,12,608860,option_1,묵나,5,C,low,muk,na,mukna,NA,1,NA,NA,NA,Sonorant,k-n,C+Sonorant,muNna
162,153,608860,option_1,묵어,5,C,low,muk,v,mukv,0,NA,NA,NA,NA,Vowel,k-v,C+Vowel,mukv
46,160,608860,option_2,묽나,5,LC,low,mulk,na,mulkna,NA,0,0,0,0,NA,NA,NA,NA
57,62,608860,option_1,묽어,5,LC,low,mulk,v,mulkv,0,NA,0,0,NA,NA,NA,NA,NA
74,49,608860,option_1,묽다,5,LC,low,mulk,ta,mulkta,0,NA,0,0,NA,NA,NA,NA,NA
152,78,608860,option_2,박다,5,C,high,pak,ta,pakta,1,NA,NA,NA,NA,Obstruent,k-t,C+Obstruent,pakda
59,16,608860,option_1,박아,5,C,high,pak,a,paka,0,NA,NA,NA,NA,Vowel,k-a,C+Vowel,paka
172,4,608860,option_1,박나,5,C,high,pak,na,pakna,NA,1,NA,NA,NA,Sonorant,k-n,C+Sonorant,paNna
77,104,608860,option_4,밝다,5,LC,high,palk,ta,palkta,1,NA,1,0,NA,NA,NA,NA,NA
104,174,608860,option_1,밝아,5,LC,high,palk,a,palka,0,NA,0,0,NA,NA,NA,NA,NA
154,44,608860,option_2,밝나,5,LC,high,palk,na,palkna,NA,0,0,0,0,NA,NA,NA,NA
71,119,608860,option_2,밟다,5,LC,high,palp,ta,palpta,1,NA,0,0,NA,NA,NA,NA,NA
14,59,608860,option_6,밟나,5,LC,high,palp,na,palpna,NA,1,0,0,0,NA,NA,NA,NA
160,127,608860,option_1,밟아,5,LC,high,palp,a,palpa,0,NA,0,0,NA,NA,NA,NA,NA
7,123,608860,option_1,뱉나,5,C,low,peT,na,peTna,NA,1,NA,NA,NA,Sonorant,T-n,C+Sonorant,penna
173,105,608860,option_2,뱉다,5,C,low,peT,ta,peTta,1,NA,NA,NA,NA,Obstruent,T-t,C+Obstruent,petda
22,147,608860,option_1,뱉어,5,C,low,peT,v,peTv,0,NA,NA,NA,NA,Vowel,T-v,C+Vowel,peTv
56,11,608860,option_1,법나,1,C,nonce,kvp,na,kvpna,NA,1,NA,NA,NA,Sonorant,p-n,C+Sonorant,pvmna
28,41,608860,option_2,법다,1,C,nonce,kvp,ta,kvpta,1,NA,NA,NA,NA,Obstruent,p-t,C+Obstruent,pvpda
163,56,608860,option_1,법어,1,C,nonce,kvp,v,kvpv,0,NA,NA,NA,NA,Vowel,p-v,C+Vowel,pvpv
113,157,608860,option_2,붉나,5,LC,high,pulk,na,pulkna,NA,0,0,0,0,NA,NA,NA,NA
64,17,608860,option_2,붉다,5,LC,high,pulk,ta,pulkta,1,NA,0,0,NA,NA,NA,NA,NA
33,84,608860,option_1,붉어,5,LC,high,pulk,v,pulkv,0,NA,0,0,NA,NA,NA,NA,NA
134,146,608860,option_2,붍나,1,LC,nonce,pulT,na,pulTna,NA,0,0,0,0,NA,NA,NA,NA
102,42,608860,option_1,붍어,1,LC,nonce,pulT,v,pulTv,0,NA,0,0,NA,NA,NA,NA,NA
49,50,608860,option_3,붍다,1,LC,nonce,pulT,ta,pulTta,1,NA,0,1,NA,NA,NA,NA,NA
178,139,608860,option_2,뽑다,5,C,high,p*op,ta,p*opta,1,NA,NA,NA,NA,Obstruent,p-t,C+Obstruent,bopda
92,172,608860,option_1,뽑나,5,C,high,p*op,na,p*opna,NA,1,NA,NA,NA,Sonorant,p-n,C+Sonorant,bomna
136,43,608860,option_1,뽑아,5,C,high,p*op,a,p*opa,0,NA,NA,NA,NA,Vowel,p-a,C+Vowel,bopa
17,24,608860,option_1,속나,5,C,low,sok,na,sokna,NA,1,NA,NA,NA,Sonorant,k-n,C+Sonorant,soNna
38,179,608860,option_2,속다,5,C,low,sok,ta,sokta,1,NA,NA,NA,NA,Obstruent,k-t,C+Obstruent,sokda
40,1,608860,option_1,속아,5,C,low,sok,a,soka,0,NA,NA,NA,NA,Vowel,k-a,C+Vowel,soka
97,132,608860,option_2,숡다,1,LC,nonce,sulk,ta,sulkta,1,NA,0,0,NA,NA,NA,NA,NA
2,177,608860,option_1,숡어,1,LC,nonce,sulk,v,sulkv,0,NA,0,0,NA,NA,NA,NA,NA
27,94,608860,option_2,숡나,1,LC,nonce,sulk,na,sulkna,NA,0,0,0,0,NA,NA,NA,NA
67,15,608860,option_2,식다,5,C,low,sik,ta,sikta,1,NA,NA,NA,NA,Obstruent,k-t,C+Obstruent,sikda
79,173,608860,option_1,식어,5,C,low,sik,v,sikv,0,NA,NA,NA,NA,Vowel,k-v,C+Vowel,sikv
100,32,608860,option_1,식나,5,C,low,sik,na,sikna,NA,1,NA,NA,NA,Sonorant,k-n,C+Sonorant,siNna
144,35,608860,option_1,썩나,5,C,high,s*vk,na,s*vkna,NA,1,NA,NA,NA,Sonorant,k-n,C+Sonorant,SvNna
116,112,608860,option_1,썩어,5,C,high,s*vk,v,s*vkv,0,NA,NA,NA,NA,Vowel,k-v,C+Vowel,Svkv
87,108,608860,option_2,썩다,5,C,high,s*vk,ta,s*vkta,1,NA,NA,NA,NA,Obstruent,k-t,C+Obstruent,Svkda
21,10,608860,option_2,씹다,5,C,high,s*ip,ta,s*ipta,1,NA,NA,NA,NA,Obstruent,p-t,C+Obstruent,Sipda
119,39,608860,option_2,씹나,5,C,high,s*ip,na,s*ipna,NA,0,NA,NA,NA,Sonorant,p-n,C+Sonorant,Sipna
70,71,608860,option_1,씹어,5,C,high,s*ip,v,s*ipv,0,NA,NA,NA,NA,Vowel,p-v,C+Vowel,Sipv
65,65,608860,option_2,앍나,1,LC,nonce,alk,na,alkna,NA,0,0,0,0,NA,NA,NA,NA
5,82,608860,option_2,앍다,1,LC,nonce,alk,ta,alkta,1,NA,0,0,NA,NA,NA,NA,NA
26,149,608860,option_1,앍아,1,LC,nonce,alk,a,alka,0,NA,0,0,NA,NA,NA,NA,NA
177,63,608860,option_1,얇아,5,LC,low,yalp,a,yalpa,0,NA,0,0,NA,NA,NA,NA,NA
83,77,608860,option_3,얇다,5,LC,low,yalp,ta,yalpta,1,NA,0,1,NA,NA,NA,NA,NA
51,100,608860,option_2,얇나,5,LC,low,yalp,na,yalpna,NA,0,0,0,0,NA,NA,NA,NA
19,89,608860,option_1,얕아,5,C,low,yaT,a,yaTa,0,NA,NA,NA,NA,Vowel,T-a,C+Vowel,yaTa
41,58,608860,option_2,얕다,5,C,low,yaT,ta,yaTta,1,NA,NA,NA,NA,Obstruent,T-t,C+Obstruent,yatda
47,111,608860,option_1,얕나,5,C,low,yaT,na,yaTna,NA,1,NA,NA,NA,Sonorant,T-n,C+Sonorant,yanna
105,40,608860,option_2,얽나,1,LC,low,vlk,na,vlkna,NA,0,0,0,0,NA,NA,NA,NA
39,88,608860,option_1,얽어,1,LC,low,vlk,v,vlkv,0,NA,0,0,NA,NA,NA,NA,NA
117,168,608860,option_2,얽다,1,LC,low,vlk,ta,vlkta,1,NA,0,0,NA,NA,NA,NA,NA
8,159,608860,option_1,업나,5,C,low,vp,na,vpna,NA,1,NA,NA,NA,Sonorant,p-n,C+Sonorant,vmna
110,54,608860,option_1,업어,5,C,low,vp,v,vpv,0,NA,NA,NA,NA,Vowel,p-v,C+Vowel,vpv
35,21,608860,option_2,업다,5,C,low,vp,ta,vpta,1,NA,NA,NA,NA,Obstruent,p-t,C+Obstruent,vpda
150,155,608860,option_1,엎나,5,C,low,vP,na,vPna,NA,1,NA,NA,NA,Sonorant,P-n,C+Sonorant,vmna
90,37,608860,option_2,엎다,5,C,low,vP,ta,vPta,1,NA,NA,NA,NA,Obstruent,P-t,C+Obstruent,vpda
166,138,608860,option_1,엎어,5,C,low,vP,v,vPv,0,NA,NA,NA,NA,Vowel,P-v,C+Vowel,vPv
86,74,608860,option_2,엷나,5,LC,low,yvlp,na,yvlpna,NA,0,0,0,0,NA,NA,NA,NA
135,141,608860,option_1,엷어,5,LC,low,yvlp,v,yvlpv,0,NA,0,0,NA,NA,NA,NA,NA
124,27,608860,option_3,엷다,5,LC,low,yvlp,ta,yvlpta,1,NA,0,1,NA,NA,NA,NA,NA
106,125,608860,option_1,옅어,5,C,low,yvT,v,yvTv,0,NA,NA,NA,NA,Vowel,T-v,C+Vowel,jvTv
169,38,608860,option9_other,옅다,5,C,low,yvT,ta,yvTta,NA,NA,NA,NA,NA,NA,NA,NA,NA
139,175,608860,option_2,옅나,5,C,low,yvT,na,yvTna,NA,0,NA,NA,NA,Sonorant,T-n,C+Sonorant,jvTna
140,131,608860,option_2,웁나,1,C,nonce,up,na,upna,NA,0,NA,NA,NA,Sonorant,p-n,C+Sonorant,upna
81,96,608860,option_2,웁다,1,C,nonce,up,ta,upta,1,NA,NA,NA,NA,Obstruent,p-t,C+Obstruent,upda
141,103,608860,option_1,웁어,1,C,nonce,up,v,upv,0,NA,NA,NA,NA,Vowel,p-v,C+Vowel,upv
131,134,608860,option_2,읊다,5,LC,low,xlP,ta,xlPta,1,NA,0,0,NA,NA,NA,NA,NA
111,128,608860,option_1,읊어,5,LC,low,xlP,v,xlPv,0,NA,0,0,NA,NA,NA,NA,NA
4,19,608860,option_2,읊나,5,LC,low,xlP,na,xlPna,NA,0,0,0,0,NA,NA,NA,NA
161,121,608860,option_2,익다,5,C,low,ik,ta,ikta,1,NA,NA,NA,NA,Obstruent,k-t,C+Obstruent,ikda
133,53,608860,option_1,익나,5,C,low,ik,na,ikna,NA,1,NA,NA,NA,Sonorant,k-n,C+Sonorant,iNna
123,45,608860,option_1,익어,5,C,low,ik,v,ikv,0,NA,NA,NA,NA,Vowel,k-v,C+Vowel,ikv
98,161,608860,option_2,읽나,5,LC,high,ilk,na,ilkna,NA,0,0,0,0,NA,NA,NA,NA
145,75,608860,option_1,읽어,5,LC,high,ilk,v,ilkv,0,NA,0,0,NA,NA,NA,NA,NA
73,13,608860,option_2,읽다,5,LC,high,ilk,ta,ilkta,1,NA,0,0,NA,NA,NA,NA,NA
1,64,608860,option_2,입다,5,C,high,ip,ta,ipta,1,NA,NA,NA,NA,Obstruent,p-t,C+Obstruent,ipda
179,126,608860,option_1,입나,5,C,high,ip,na,ipna,NA,1,NA,NA,NA,Sonorant,p-n,C+Sonorant,imna
89,70,608860,option_1,입어,5,C,high,ip,v,ipv,0,NA,NA,NA,NA,Vowel,p-v,C+Vowel,ipv
84,3,608860,option_2,작다,5,C,high,cak,ta,cakta,1,NA,NA,NA,NA,Obstruent,k-t,C+Obstruent,cakda
75,109,608860,option_1,작나,5,C,high,cak,na,cakna,NA,1,NA,NA,NA,Sonorant,k-n,C+Sonorant,caNna
30,30,608860,option_1,작아,5,C,high,cak,a,caka,0,NA,NA,NA,NA,Vowel,k-a,C+Vowel,caka
48,83,608860,option_1,적어,5,C,high,cvk,v,cvkv,0,NA,NA,NA,NA,Vowel,k-v,C+Vowel,cvkv
114,80,608860,option_1,적나,5,C,high,cvk,na,cvkna,NA,1,NA,NA,NA,Sonorant,k-n,C+Sonorant,cvNna
146,85,608860,option_2,적다,5,C,high,cvk,ta,cvkta,1,NA,NA,NA,NA,Obstruent,k-t,C+Obstruent,cvkda
122,136,608860,option_1,접어,5,C,high,cvp,v,cvpv,0,NA,NA,NA,NA,Vowel,p-v,C+Vowel,cvpv
36,6,608860,option_2,접다,5,C,high,cvp,ta,cvpta,1,NA,NA,NA,NA,Obstruent,p-t,C+Obstruent,cvpda
149,116,608860,option_2,접나,5,C,high,cvp,na,cvpna,NA,0,NA,NA,NA,Sonorant,p-n,C+Sonorant,cvpna
180,5,608860,option_1,직어,1,C,nonce,cik,v,cikv,0,NA,NA,NA,NA,Vowel,k-v,C+Vowel,cikv
52,36,608860,option_2,직다,1,C,nonce,cik,ta,cikta,1,NA,NA,NA,NA,Obstruent,k-t,C+Obstruent,cikda
63,154,608860,option_1,직나,1,C,nonce,cik,na,cikna,NA,1,NA,NA,NA,Sonorant,k-n,C+Sonorant,ciNna
127,180,608860,option_1,짉어,1,LC,nonce,cilk,v,cilkv,0,NA,0,0,NA,NA,NA,NA,NA
153,67,608860,option_2,짉다,1,LC,nonce,cilk,ta,cilkta,1,NA,0,0,NA,NA,NA,NA,NA
80,167,608860,option_2,짉나,1,LC,nonce,cilk,na,cilkna,NA,0,0,0,0,NA,NA,NA,NA
137,22,608860,option_1,집어,5,C,high,cip,v,cipv,0,NA,NA,NA,NA,Vowel,p-v,C+Vowel,cipv
165,90,608860,option_2,집다,5,C,high,cip,ta,cipta,1,NA,NA,NA,NA,Obstruent,p-t,C+Obstruent,cipda
16,51,608860,option_1,집나,5,C,high,cip,na,cipna,NA,1,NA,NA,NA,Sonorant,p-n,C+Sonorant,cimna
58,117,608860,option_4,짧나,5,LC,high,Jalp,na,Jalpna,NA,0,0,1,0,NA,NA,NA,NA
55,95,608860,option_1,짧아,5,LC,high,Jalp,a,Jalpa,0,NA,0,0,NA,NA,NA,NA,NA
24,14,608860,option_4,짧다,5,LC,high,Jalp,ta,Jalpta,1,NA,1,0,NA,NA,NA,NA,NA
129,165,608860,option_1,찍어,5,C,low,Jik,v,Jikv,0,NA,NA,NA,NA,Vowel,k-v,C+Vowel,Jikv
120,26,608860,option_2,찍나,5,C,low,Jik,na,Jikna,NA,0,NA,NA,NA,Sonorant,k-n,C+Sonorant,Jikna
168,92,608860,option_2,찍다,5,C,low,Jik,ta,Jikta,1,NA,NA,NA,NA,Obstruent,k-t,C+Obstruent,Jikda
25,28,608860,option_2,착다,1,C,nonce,Cak,ta,Cakta,1,NA,NA,NA,NA,Obstruent,k-t,C+Obstruent,Cakda
78,133,608860,option_1,착아,1,C,nonce,Cak,a,Caka,0,NA,NA,NA,NA,Vowel,k-a,C+Vowel,Caka
43,170,608860,option_1,착나,1,C,nonce,Cak,na,Cakna,NA,1,NA,NA,NA,Sonorant,k-n,C+Sonorant,CaNna
112,120,608860,option_2,톱다,1,C,nonce,Top,ta,Topta,1,NA,NA,NA,NA,Obstruent,p-t,C+Obstruent,Topda
107,162,608860,option_2,톱나,1,C,nonce,Top,na,Topna,NA,0,NA,NA,NA,Sonorant,p-n,C+Sonorant,Topna
82,140,608860,option_1,톱아,1,C,nonce,Top,a,Topa,0,NA,NA,NA,NA,Vowel,p-a,C+Vowel,Topa
151,87,608860,option_2,핥나,5,LC,low,halT,na,halTna,NA,0,0,0,0,NA,NA,NA,NA
85,68,608860,option_1,핥아,5,LC,low,halT,a,halTa,0,NA,0,0,NA,NA,NA,NA,NA
167,97,608860,option_3,핥다,5,LC,low,halT,ta,halTta,1,NA,0,1,NA,NA,NA,NA,NA
170,158,608860,option9_other,훑다,5,LC,low,hulT,ta,hulTta,NA,NA,NA,NA,NA,NA,NA,NA,NA
66,152,608860,option_2,훑나,5,LC,low,hulT,na,hulTna,NA,0,0,0,0,NA,NA,NA,NA
158,69,608860,option_1,훑어,5,LC,low,hulT,v,hulTv,0,NA,0,0,NA,NA,NA,NA,NA
26,177,624294,option_1,갉나,5,LC,low,kalk,na,kalkna,NA,1,1,0,0,NA,NA,NA,NA
75,11,624294,option_3,갉다,5,LC,low,kalk,ta,kalkta,1,NA,0,1,NA,NA,NA,NA,NA
104,135,624294,option_1,갉아,5,LC,low,kalk,a,kalka,0,NA,0,0,NA,NA,NA,NA,NA
141,102,624294,option_2,겊다,1,C,nonce,kvP,ta,kvPta,1,NA,NA,NA,NA,Obstruent,P-t,C+Obstruent,kvpda
131,18,624294,option_1,겊어,1,C,nonce,kvP,v,kvPv,0,NA,NA,NA,NA,Vowel,P-v,C+Vowel,kvPv
64,79,624294,option_1,겊나,1,C,nonce,kvP,na,kvPna,NA,1,NA,NA,NA,Sonorant,P-n,C+Sonorant,kvmna
152,46,624294,option_1,겳나,1,LC,nonce,kjvlp,na,kjvlpna,NA,1,1,0,0,NA,NA,NA,NA
10,26,624294,option_4,겳다,1,LC,nonce,kjvlp,ta,kjvlpta,1,NA,1,0,NA,NA,NA,NA,NA
159,12,624294,option_4,겳어,1,LC,nonce,kjvlp,v,kjvlpv,0,NA,1,0,NA,NA,NA,NA,NA
73,137,624294,option_4,굵나,5,LC,high,kulk,na,kulkna,NA,0,0,1,0,NA,NA,NA,NA
69,145,624294,option_1,굵어,5,LC,high,kulk,v,kulkv,0,NA,0,0,NA,NA,NA,NA,NA
107,164,624294,option_4,굵다,5,LC,high,kulk,ta,kulkta,1,NA,1,0,NA,NA,NA,NA,NA
6,112,624294,option_1,긁어,5,LC,low,kxlk,v,kxlkv,0,NA,0,0,NA,NA,NA,NA,NA
154,169,624294,option_3,긁다,5,LC,low,kxlk,ta,kxlkta,1,NA,0,1,NA,NA,NA,NA,NA
101,173,624294,option_4,긁나,5,LC,low,kxlk,na,kxlkna,NA,0,0,1,0,NA,NA,NA,NA
42,22,624294,option_1,긆어,1,LC,nonce,kxlP,v,kxlPv,0,NA,0,0,NA,NA,NA,NA,NA
2,92,624294,option_4,긆다,1,LC,nonce,kxlP,ta,kxlPta,1,NA,1,0,NA,NA,NA,NA,NA
40,76,624294,option_4,긆나,1,LC,nonce,kxlP,na,kxlPna,NA,0,0,1,0,NA,NA,NA,NA
111,120,624294,option_4,낡나,5,LC,high,nalk,na,nalkna,NA,0,0,1,0,NA,NA,NA,NA
52,36,624294,option_3,낡다,5,LC,high,nalk,ta,nalkta,1,NA,0,1,NA,NA,NA,NA,NA
49,58,624294,option_1,낡아,5,LC,high,nalk,a,nalka,0,NA,0,0,NA,NA,NA,NA,NA
21,70,624294,option_1,낣아,1,LC,nonce,nalp,a,nalpa,0,NA,0,0,NA,NA,NA,NA,NA
13,82,624294,option_1,낣나,1,LC,nonce,nalp,na,nalpna,NA,1,1,0,0,NA,NA,NA,NA
98,104,624294,option_4,낣다,1,LC,nonce,nalp,ta,nalpta,1,NA,1,0,NA,NA,NA,NA,NA
68,10,624294,option_1,냍나,1,C,nonce,neT,na,neTna,NA,1,NA,NA,NA,Sonorant,T-n,C+Sonorant,nenna
48,34,624294,option_1,냍어,1,C,nonce,neT,v,neTv,0,NA,NA,NA,NA,Vowel,T-v,C+Vowel,neTv
133,105,624294,option_2,냍다,1,C,nonce,neT,ta,neTta,1,NA,NA,NA,NA,Obstruent,T-t,C+Obstruent,netda
140,87,624294,option_4,넓나,5,LC,high,nvlp,na,nvlpna,NA,0,0,1,0,NA,NA,NA,NA
41,59,624294,option_4,넓다,5,LC,high,nvlp,ta,nvlpta,1,NA,1,0,NA,NA,NA,NA,NA
178,131,624294,option_1,넓어,5,LC,high,nvlp,v,nvlpv,0,NA,0,0,NA,NA,NA,NA,NA
81,30,624294,option_2,눅다,5,C,nonce,nuk,ta,nukta,1,NA,NA,NA,NA,Obstruent,k-t,C+Obstruent,nukda
22,166,624294,option_1,눅나,5,C,nonce,nuk,na,nukna,NA,1,NA,NA,NA,Sonorant,k-n,C+Sonorant,nuNna
145,29,624294,option_1,눅어,5,C,nonce,nuk,v,nukv,0,NA,NA,NA,NA,Vowel,k-v,C+Vowel,nukv
12,39,624294,option_1,늙어,5,LC,high,nxlk,v,nxlkv,0,NA,0,0,NA,NA,NA,NA,NA
139,116,624294,option_4,늙나,5,LC,high,nxlk,na,nxlkna,NA,0,0,1,0,NA,NA,NA,NA
96,37,624294,option_4,늙다,5,LC,high,nxlk,ta,nxlkta,1,NA,1,0,NA,NA,NA,NA,NA
153,56,624294,option_1,덟어,1,LC,nonce,tvlp,v,tvlpv,0,NA,0,0,NA,NA,NA,NA,NA
46,17,624294,option_1,덟나,1,LC,nonce,tvlp,na,tvlpna,NA,1,1,0,0,NA,NA,NA,NA
59,31,624294,option_4,덟다,1,LC,nonce,tvlp,ta,tvlpta,1,NA,1,0,NA,NA,NA,NA,NA
151,88,624294,option_2,독다,1,C,nonce,tok,ta,tokta,1,NA,NA,NA,NA,Obstruent,k-t,C+Obstruent,tokda
11,115,624294,option_1,독아,1,C,nonce,tok,a,toka,0,NA,NA,NA,NA,Vowel,k-a,C+Vowel,toka
19,74,624294,option_1,독나,1,C,nonce,tok,na,tokna,NA,1,NA,NA,NA,Sonorant,k-n,C+Sonorant,toNna
106,45,624294,option_1,둡나,1,C,nonce,tup,na,tupna,NA,1,NA,NA,NA,Sonorant,p-n,C+Sonorant,tumna
121,50,624294,option_2,둡다,1,C,nonce,tup,ta,tupta,1,NA,NA,NA,NA,Obstruent,p-t,C+Obstruent,tupda
63,52,624294,option_1,둡어,1,C,nonce,tup,v,tupv,0,NA,NA,NA,NA,Vowel,p-v,C+Vowel,tupv
61,14,624294,option_1,듥어,1,LC,nonce,txlk,v,txlkv,0,NA,0,0,NA,NA,NA,NA,NA
60,151,624294,option_4,듥다,1,LC,nonce,txlk,ta,txlkta,1,NA,1,0,NA,NA,NA,NA,NA
126,57,624294,option_4,듥나,1,LC,nonce,txlk,na,txlkna,NA,0,0,1,0,NA,NA,NA,NA
28,91,624294,option_1,떫나,5,LC,low,dvlp,na,dvlpna,NA,1,1,0,0,NA,NA,NA,NA
50,125,624294,option_3,떫다,5,LC,low,dvlp,ta,dvlpta,1,NA,0,1,NA,NA,NA,NA,NA
122,143,624294,option_1,떫어,5,LC,low,dvlp,v,dvlpv,0,NA,0,0,NA,NA,NA,NA,NA
172,3,624294,option_1,막아,5,C,high,mak,a,maka,0,NA,NA,NA,NA,Vowel,k-a,C+Vowel,maka
174,119,624294,option_1,막나,5,C,high,mak,na,makna,NA,1,NA,NA,NA,Sonorant,k-n,C+Sonorant,maNna
163,78,624294,option_2,막다,5,C,high,mak,ta,makta,1,NA,NA,NA,NA,Obstruent,k-t,C+Obstruent,makda
54,9,624294,option_1,맑아,5,LC,high,malk,a,malka,0,NA,0,0,NA,NA,NA,NA,NA
157,49,624294,option_4,맑다,5,LC,high,malk,ta,malkta,1,NA,1,0,NA,NA,NA,NA,NA
129,153,624294,option_4,맑나,5,LC,high,malk,na,malkna,NA,0,0,1,0,NA,NA,NA,NA
44,110,624294,option_4,멁나,1,LC,nonce,mvlk,na,mvlkna,NA,0,0,1,0,NA,NA,NA,NA
170,24,624294,option_3,멁다,1,LC,nonce,mvlk,ta,mvlkta,1,NA,0,1,NA,NA,NA,NA,NA
119,109,624294,option_1,멁어,1,LC,nonce,mvlk,v,mvlkv,0,NA,0,0,NA,NA,NA,NA,NA
173,25,624294,option_2,묵다,4,C,low,muk,ta,mukta,1,NA,NA,NA,NA,Obstruent,k-t,C+Obstruent,mukda
110,122,624294,option_1,묵어,4,C,low,muk,v,mukv,0,NA,NA,NA,NA,Vowel,k-v,C+Vowel,mukv
43,128,624294,option_1,묵나,4,C,low,muk,na,mukna,NA,1,NA,NA,NA,Sonorant,k-n,C+Sonorant,muNna
36,163,624294,option_1,묽어,5,LC,low,mulk,v,mulkv,0,NA,0,0,NA,NA,NA,NA,NA
72,96,624294,option_4,묽나,5,LC,low,mulk,na,mulkna,NA,0,0,1,0,NA,NA,NA,NA
105,103,624294,option_4,묽다,5,LC,low,mulk,ta,mulkta,1,NA,1,0,NA,NA,NA,NA,NA
47,95,624294,option_2,박다,5,C,high,pak,ta,pakta,1,NA,NA,NA,NA,Obstruent,k-t,C+Obstruent,pakda
25,23,624294,option_1,박나,5,C,high,pak,na,pakna,NA,1,NA,NA,NA,Sonorant,k-n,C+Sonorant,paNna
150,77,624294,option_1,박아,5,C,high,pak,a,paka,0,NA,NA,NA,NA,Vowel,k-a,C+Vowel,paka
125,42,624294,option_4,밝다,5,LC,high,palk,ta,palkta,1,NA,1,0,NA,NA,NA,NA,NA
4,106,624294,option_1,밝아,5,LC,high,palk,a,palka,0,NA,0,0,NA,NA,NA,NA,NA
15,1,624294,option_1,밝나,5,LC,high,palk,na,palkna,NA,1,1,0,0,NA,NA,NA,NA
116,101,624294,option_4,밟나,5,LC,high,palp,na,palpna,NA,0,0,1,0,NA,NA,NA,NA
123,2,624294,option_1,밟아,5,LC,high,palp,a,palpa,0,NA,0,0,NA,NA,NA,NA,NA
5,44,624294,option_4,밟다,5,LC,high,palp,ta,palpta,1,NA,1,0,NA,NA,NA,NA,NA
1,142,624294,option_1,뱉나,5,C,low,peT,na,peTna,NA,1,NA,NA,NA,Sonorant,T-n,C+Sonorant,penna
160,176,624294,option_2,뱉다,5,C,low,peT,ta,peTta,1,NA,NA,NA,NA,Obstruent,T-t,C+Obstruent,petda
29,73,624294,option_1,뱉어,5,C,low,peT,v,peTv,0,NA,NA,NA,NA,Vowel,T-v,C+Vowel,peTv
109,132,624294,option_2,법다,1,C,nonce,kvp,ta,kvpta,1,NA,NA,NA,NA,Obstruent,p-t,C+Obstruent,pvpda
57,162,624294,option_1,법어,1,C,nonce,kvp,v,kvpv,0,NA,NA,NA,NA,Vowel,p-v,C+Vowel,pvpv
142,126,624294,option_1,법나,1,C,nonce,kvp,na,kvpna,NA,1,NA,NA,NA,Sonorant,p-n,C+Sonorant,pvmna
158,121,624294,option_4,붉나,5,LC,high,pulk,na,pulkna,NA,0,0,1,0,NA,NA,NA,NA
136,89,624294,option_1,붉어,5,LC,high,pulk,v,pulkv,0,NA,0,0,NA,NA,NA,NA,NA
90,160,624294,option_3,붉다,5,LC,high,pulk,ta,pulkta,1,NA,0,1,NA,NA,NA,NA,NA
89,108,624294,option_4,붍다,2,LC,nonce,pulT,ta,pulTta,1,NA,1,0,NA,NA,NA,NA,NA
113,154,624294,option_4,붍나,2,LC,nonce,pulT,na,pulTna,NA,0,0,1,0,NA,NA,NA,NA
65,129,624294,option_1,붍어,2,LC,nonce,pulT,v,pulTv,0,NA,0,0,NA,NA,NA,NA,NA
31,6,624294,option_1,뽑아,5,C,high,p*op,a,p*opa,0,NA,NA,NA,NA,Vowel,p-a,C+Vowel,bopa
115,67,624294,option_2,뽑다,5,C,high,p*op,ta,p*opta,1,NA,NA,NA,NA,Obstruent,p-t,C+Obstruent,bopda
118,98,624294,option_1,뽑나,5,C,high,p*op,na,p*opna,NA,1,NA,NA,NA,Sonorant,p-n,C+Sonorant,bomna
79,85,624294,option_1,속나,5,C,low,sok,na,sokna,NA,1,NA,NA,NA,Sonorant,k-n,C+Sonorant,soNna
179,113,624294,option_2,속다,5,C,low,sok,ta,sokta,1,NA,NA,NA,NA,Obstruent,k-t,C+Obstruent,sokda
167,144,624294,option_1,속아,5,C,low,sok,a,soka,0,NA,NA,NA,NA,Vowel,k-a,C+Vowel,soka
149,75,624294,option_4,숡나,1,LC,nonce,sulk,na,sulkna,NA,0,0,1,0,NA,NA,NA,NA
132,32,624294,option_1,숡어,1,LC,nonce,sulk,v,sulkv,0,NA,0,0,NA,NA,NA,NA,NA
162,72,624294,option_3,숡다,1,LC,nonce,sulk,ta,sulkta,1,NA,0,1,NA,NA,NA,NA,NA
37,15,624294,option_1,식어,5,C,low,sik,v,sikv,0,NA,NA,NA,NA,Vowel,k-v,C+Vowel,sikv
165,20,624294,option_2,식다,5,C,low,sik,ta,sikta,1,NA,NA,NA,NA,Obstruent,k-t,C+Obstruent,sikda
93,141,624294,option_1,식나,5,C,low,sik,na,sikna,NA,1,NA,NA,NA,Sonorant,k-n,C+Sonorant,siNna
83,90,624294,option_1,썩어,5,C,high,s*vk,v,s*vkv,0,NA,NA,NA,NA,Vowel,k-v,C+Vowel,Svkv
164,8,624294,option_1,썩나,5,C,high,s*vk,na,s*vkna,NA,1,NA,NA,NA,Sonorant,k-n,C+Sonorant,SvNna
74,38,624294,option_2,썩다,5,C,high,s*vk,ta,s*vkta,1,NA,NA,NA,NA,Obstruent,k-t,C+Obstruent,Svkda
169,65,624294,option_2,씹다,5,C,high,s*ip,ta,s*ipta,1,NA,NA,NA,NA,Obstruent,p-t,C+Obstruent,Sipda
39,69,624294,option_1,씹나,5,C,high,s*ip,na,s*ipna,NA,1,NA,NA,NA,Sonorant,p-n,C+Sonorant,Simna
27,63,624294,option_1,씹어,5,C,high,s*ip,v,s*ipv,0,NA,NA,NA,NA,Vowel,p-v,C+Vowel,Sipv
177,136,624294,option_3,앍다,1,LC,nonce,alk,ta,alkta,1,NA,0,1,NA,NA,NA,NA,NA
34,117,624294,option_4,앍나,1,LC,nonce,alk,na,alkna,NA,0,0,1,0,NA,NA,NA,NA
91,178,624294,option_1,앍아,1,LC,nonce,alk,a,alka,0,NA,0,0,NA,NA,NA,NA,NA
20,161,624294,option_1,얇아,5,LC,low,yalp,a,yalpa,0,NA,0,0,NA,NA,NA,NA,NA
102,48,624294,option_3,얇다,5,LC,low,yalp,ta,yalpta,1,NA,0,1,NA,NA,NA,NA,NA
95,146,624294,option_4,얇나,5,LC,low,yalp,na,yalpna,NA,0,0,1,0,NA,NA,NA,NA
77,114,624294,option_1,얕나,5,C,low,yaT,na,yaTna,NA,1,NA,NA,NA,Sonorant,T-n,C+Sonorant,yanna
14,171,624294,option_1,얕아,5,C,low,yaT,a,yaTa,0,NA,NA,NA,NA,Vowel,T-a,C+Vowel,yaTa
9,139,624294,option_2,얕다,5,C,low,yaT,ta,yaTta,1,NA,NA,NA,NA,Obstruent,T-t,C+Obstruent,yatda
86,41,624294,option_1,얽어,5,LC,low,vlk,v,vlkv,0,NA,0,0,NA,NA,NA,NA,NA
88,100,624294,option_3,얽다,5,LC,low,vlk,ta,vlkta,1,NA,0,1,NA,NA,NA,NA,NA
71,150,624294,option_4,얽나,5,LC,low,vlk,na,vlkna,NA,0,0,1,0,NA,NA,NA,NA
147,155,624294,option_1,업어,5,C,low,vp,v,vpv,0,NA,NA,NA,NA,Vowel,p-v,C+Vowel,vpv
51,33,624294,option_1,업나,5,C,low,vp,na,vpna,NA,1,NA,NA,NA,Sonorant,p-n,C+Sonorant,vmna
176,147,624294,option_2,업다,5,C,low,vp,ta,vpta,1,NA,NA,NA,NA,Obstruent,p-t,C+Obstruent,vpda
99,13,624294,option_2,엎다,5,C,low,vP,ta,vPta,1,NA,NA,NA,NA,Obstruent,P-t,C+Obstruent,vpda
128,149,624294,option_1,엎어,5,C,low,vP,v,vPv,0,NA,NA,NA,NA,Vowel,P-v,C+Vowel,vPv
148,66,624294,option_1,엎나,5,C,low,vP,na,vPna,NA,1,NA,NA,NA,Sonorant,P-n,C+Sonorant,vmna
82,130,624294,option_4,엷나,5,LC,low,yvlp,na,yvlpna,NA,0,0,1,0,NA,NA,NA,NA
130,158,624294,option_1,엷어,5,LC,low,yvlp,v,yvlpv,0,NA,0,0,NA,NA,NA,NA,NA
76,127,624294,option_3,엷다,5,LC,low,yvlp,ta,yvlpta,1,NA,0,1,NA,NA,NA,NA,NA
161,61,624294,option_1,옅나,5,C,low,yvT,na,yvTna,NA,1,NA,NA,NA,Sonorant,T-n,C+Sonorant,jvnna
87,28,624294,option9_other,옅다,5,C,low,yvT,ta,yvTta,NA,NA,NA,NA,NA,NA,NA,NA,NA
67,5,624294,option_1,옅어,5,C,low,yvT,v,yvTv,0,NA,NA,NA,NA,Vowel,T-v,C+Vowel,jvTv
155,40,624294,option_1,웁어,1,C,nonce,up,v,upv,0,NA,NA,NA,NA,Vowel,p-v,C+Vowel,upv
80,111,624294,option_2,웁다,1,C,nonce,up,ta,upta,1,NA,NA,NA,NA,Obstruent,p-t,C+Obstruent,upda
32,93,624294,option_1,웁나,1,C,nonce,up,na,upna,NA,1,NA,NA,NA,Sonorant,p-n,C+Sonorant,umna
120,68,624294,option_1,읊나,5,LC,low,xlP,na,xlPna,NA,1,1,0,0,NA,NA,NA,NA
30,180,624294,option_1,읊어,5,LC,low,xlP,v,xlPv,0,NA,0,0,NA,NA,NA,NA,NA
114,157,624294,option_4,읊다,5,LC,low,xlP,ta,xlPta,1,NA,1,0,NA,NA,NA,NA,NA
94,71,624294,option_2,익다,5,C,low,ik,ta,ikta,1,NA,NA,NA,NA,Obstruent,k-t,C+Obstruent,ikda
24,138,624294,option_1,익나,5,C,low,ik,na,ikna,NA,1,NA,NA,NA,Sonorant,k-n,C+Sonorant,iNna
171,134,624294,option_1,익어,5,C,low,ik,v,ikv,0,NA,NA,NA,NA,Vowel,k-v,C+Vowel,ikv
180,83,624294,option_1,읽어,5,LC,high,ilk,v,ilkv,0,NA,0,0,NA,NA,NA,NA,NA
100,148,624294,option_4,읽나,5,LC,high,ilk,na,ilkna,NA,0,0,1,0,NA,NA,NA,NA
55,16,624294,option_3,읽다,5,LC,high,ilk,ta,ilkta,1,NA,0,1,NA,NA,NA,NA,NA
70,81,624294,option_1,입어,5,C,high,ip,v,ipv,0,NA,NA,NA,NA,Vowel,p-v,C+Vowel,ipv
127,80,624294,option_2,입다,5,C,high,ip,ta,ipta,1,NA,NA,NA,NA,Obstruent,p-t,C+Obstruent,ipda
108,159,624294,option_1,입나,5,C,high,ip,na,ipna,NA,1,NA,NA,NA,Sonorant,p-n,C+Sonorant,imna
18,47,624294,option_1,작나,5,C,high,cak,na,cakna,NA,1,NA,NA,NA,Sonorant,k-n,C+Sonorant,caNna
7,168,624294,option_1,작아,5,C,high,cak,a,caka,0,NA,NA,NA,NA,Vowel,k-a,C+Vowel,caka
38,174,624294,option_2,작다,5,C,high,cak,ta,cakta,1,NA,NA,NA,NA,Obstruent,k-t,C+Obstruent,cakda
137,86,624294,option_1,적어,5,C,high,cvk,v,cvkv,0,NA,NA,NA,NA,Vowel,k-v,C+Vowel,cvkv
168,156,624294,option_1,적나,5,C,high,cvk,na,cvkna,NA,1,NA,NA,NA,Sonorant,k-n,C+Sonorant,cvNna
8,107,624294,option_2,적다,5,C,high,cvk,ta,cvkta,1,NA,NA,NA,NA,Obstruent,k-t,C+Obstruent,cvkda
17,55,624294,option_1,접나,5,C,high,cvp,na,cvpna,NA,1,NA,NA,NA,Sonorant,p-n,C+Sonorant,cvmna
66,99,624294,option_1,접어,5,C,high,cvp,v,cvpv,0,NA,NA,NA,NA,Vowel,p-v,C+Vowel,cvpv
117,124,624294,option_2,접다,5,C,high,cvp,ta,cvpta,1,NA,NA,NA,NA,Obstruent,p-t,C+Obstruent,cvpda
45,179,624294,option_2,직다,1,C,nonce,cik,ta,cikta,1,NA,NA,NA,NA,Obstruent,k-t,C+Obstruent,cikda
62,175,624294,option_1,직나,1,C,nonce,cik,na,cikna,NA,1,NA,NA,NA,Sonorant,k-n,C+Sonorant,ciNna
156,94,624294,option_1,직어,1,C,nonce,cik,v,cikv,0,NA,NA,NA,NA,Vowel,k-v,C+Vowel,cikv
143,4,624294,option_1,짉어,1,LC,nonce,cilk,v,cilkv,0,NA,0,0,NA,NA,NA,NA,NA
144,140,624294,option_4,짉나,1,LC,nonce,cilk,na,cilkna,NA,0,0,1,0,NA,NA,NA,NA
35,43,624294,option_3,짉다,1,LC,nonce,cilk,ta,cilkta,1,NA,0,1,NA,NA,NA,NA,NA
134,54,624294,option_1,집어,5,C,high,cip,v,cipv,0,NA,NA,NA,NA,Vowel,p-v,C+Vowel,cipv
33,123,624294,option_1,집나,5,C,high,cip,na,cipna,NA,1,NA,NA,NA,Sonorant,p-n,C+Sonorant,cimna
124,133,624294,option_2,집다,5,C,high,cip,ta,cipta,1,NA,NA,NA,NA,Obstruent,p-t,C+Obstruent,cipda
3,167,624294,option_3,짧다,5,LC,high,Jalp,ta,Jalpta,1,NA,0,1,NA,NA,NA,NA,NA
92,21,624294,option_4,짧나,5,LC,high,Jalp,na,Jalpna,NA,0,0,1,0,NA,NA,NA,NA
23,170,624294,option_1,짧아,5,LC,high,Jalp,a,Jalpa,0,NA,0,0,NA,NA,NA,NA,NA
138,19,624294,option_1,찍어,5,C,low,Jik,v,Jikv,0,NA,NA,NA,NA,Vowel,k-v,C+Vowel,Jikv
146,27,624294,option_1,찍나,5,C,low,Jik,na,Jikna,NA,1,NA,NA,NA,Sonorant,k-n,C+Sonorant,JiNna
103,165,624294,option_2,찍다,5,C,low,Jik,ta,Jikta,1,NA,NA,NA,NA,Obstruent,k-t,C+Obstruent,Jikda
135,97,624294,option_1,착나,1,C,nonce,Cak,na,Cakna,NA,1,NA,NA,NA,Sonorant,k-n,C+Sonorant,CaNna
112,7,624294,option_2,착다,1,C,nonce,Cak,ta,Cakta,1,NA,NA,NA,NA,Obstruent,k-t,C+Obstruent,Cakda
84,152,624294,option_1,착아,1,C,nonce,Cak,a,Caka,0,NA,NA,NA,NA,Vowel,k-a,C+Vowel,Caka
58,53,624294,option_1,톱나,1,C,nonce,Top,na,Topna,NA,1,NA,NA,NA,Sonorant,p-n,C+Sonorant,Tomna
53,84,624294,option_2,톱다,1,C,nonce,Top,ta,Topta,1,NA,NA,NA,NA,Obstruent,p-t,C+Obstruent,Topda
78,51,624294,option_1,톱아,1,C,nonce,Top,a,Topa,0,NA,NA,NA,NA,Vowel,p-a,C+Vowel,Topa
166,64,624294,option9_other,핥다,5,LC,low,halT,ta,halTta,NA,NA,NA,NA,NA,NA,NA,NA,NA
85,62,624294,option_4,핥나,5,LC,low,halT,na,halTna,NA,0,0,1,0,NA,NA,NA,NA
97,172,624294,option_1,핥아,5,LC,low,halT,a,halTa,0,NA,0,0,NA,NA,NA,NA,NA
56,60,624294,option_4,훑나,5,LC,low,hulT,na,hulTna,NA,0,0,1,0,NA,NA,NA,NA
16,35,624294,option_1,훑어,5,LC,low,hulT,v,hulTv,0,NA,0,0,NA,NA,NA,NA,NA
175,118,624294,option9_other,훑다,5,LC,low,hulT,ta,hulTta,NA,NA,NA,NA,NA,NA,NA,NA,NA
73,116,628870,option_1,갉아,5,LC,low,kalk,a,kalka,0,NA,0,0,NA,NA,NA,NA,NA
159,121,628870,option_4,갉다,5,LC,low,kalk,ta,kalkta,1,NA,1,0,NA,NA,NA,NA,NA
140,60,628870,option_1,갉나,5,LC,low,kalk,na,kalkna,NA,1,1,0,0,NA,NA,NA,NA
67,74,628870,option_2,겊다,1,C,nonce,kvP,ta,kvPta,1,NA,NA,NA,NA,Obstruent,P-t,C+Obstruent,kvpda
80,120,628870,option_1,겊나,1,C,nonce,kvP,na,kvPna,NA,1,NA,NA,NA,Sonorant,P-n,C+Sonorant,kvmna
119,119,628870,option9_other,겊어,1,C,nonce,kvP,v,kvPv,NA,NA,NA,NA,NA,NA,NA,NA,NA
55,103,628870,option_4,겳다,1,LC,nonce,kjvlp,ta,kjvlpta,1,NA,1,0,NA,NA,NA,NA,NA
44,112,628870,option_1,겳나,1,LC,nonce,kjvlp,na,kjvlpna,NA,1,1,0,0,NA,NA,NA,NA
133,155,628870,option_4,겳어,1,LC,nonce,kjvlp,v,kjvlpv,0,NA,1,0,NA,NA,NA,NA,NA
105,56,628870,option_3,굵다,5,LC,high,kulk,ta,kulkta,1,NA,0,1,NA,NA,NA,NA,NA
64,37,628870,option_1,굵나,5,LC,high,kulk,na,kulkna,NA,1,1,0,0,NA,NA,NA,NA
123,66,628870,option_1,굵어,5,LC,high,kulk,v,kulkv,0,NA,0,0,NA,NA,NA,NA,NA
39,148,628870,option_3,긁다,5,LC,low,kxlk,ta,kxlkta,1,NA,0,1,NA,NA,NA,NA,NA
83,84,628870,option_1,긁나,5,LC,low,kxlk,na,kxlkna,NA,1,1,0,0,NA,NA,NA,NA
38,93,628870,option_1,긁어,5,LC,low,kxlk,v,kxlkv,0,NA,0,0,NA,NA,NA,NA,NA
90,41,628870,option9_other,긆어,1,LC,nonce,kxlP,v,kxlPv,NA,NA,NA,NA,NA,NA,NA,NA,NA
177,127,628870,option_4,긆다,1,LC,nonce,kxlP,ta,kxlPta,1,NA,1,0,NA,NA,NA,NA,NA
36,115,628870,option_3,긆나,1,LC,nonce,kxlP,na,kxlPna,NA,0,1,0,0,NA,NA,NA,NA
77,138,628870,option_1,낡나,5,LC,high,nalk,na,nalkna,NA,1,1,0,0,NA,NA,NA,NA
171,97,628870,option_3,낡다,5,LC,high,nalk,ta,nalkta,1,NA,0,1,NA,NA,NA,NA,NA
152,143,628870,option_1,낡아,5,LC,high,nalk,a,nalka,0,NA,0,0,NA,NA,NA,NA,NA
2,15,628870,option_1,낣아,1,LC,nonce,nalp,a,nalpa,0,NA,0,0,NA,NA,NA,NA,NA
5,38,628870,option_3,낣다,1,LC,nonce,nalp,ta,nalpta,1,NA,0,1,NA,NA,NA,NA,NA
14,134,628870,option_3,낣나,1,LC,nonce,nalp,na,nalpna,NA,0,1,0,0,NA,NA,NA,NA
142,105,628870,option_2,냍나,1,C,nonce,neT,na,neTna,NA,0,NA,NA,NA,Sonorant,T-n,C+Sonorant,neTna
154,125,628870,option9_other,냍어,1,C,nonce,neT,v,neTv,NA,NA,NA,NA,NA,NA,NA,NA,NA
81,49,628870,option_2,냍다,1,C,nonce,neT,ta,neTta,1,NA,NA,NA,NA,Obstruent,T-t,C+Obstruent,netda
34,52,628870,option_3,넓다,5,LC,high,nvlp,ta,nvlpta,1,NA,0,1,NA,NA,NA,NA,NA
9,89,628870,option_3,넓나,5,LC,high,nvlp,na,nvlpna,NA,0,1,0,0,NA,NA,NA,NA
141,5,628870,option_1,넓어,5,LC,high,nvlp,v,nvlpv,0,NA,0,0,NA,NA,NA,NA,NA
132,171,628870,option_2,눅다,1,C,nonce,nuk,ta,nukta,1,NA,NA,NA,NA,Obstruent,k-t,C+Obstruent,nukda
22,158,628870,option_1,눅나,1,C,nonce,nuk,na,nukna,NA,1,NA,NA,NA,Sonorant,k-n,C+Sonorant,nuNna
166,132,628870,option_1,눅어,1,C,nonce,nuk,v,nukv,0,NA,NA,NA,NA,Vowel,k-v,C+Vowel,nukv
1,108,628870,option_6,늙다,5,LC,high,nxlk,ta,nxlkta,0,NA,1,0,NA,NA,NA,NA,NA
16,135,628870,option_1,늙나,5,LC,high,nxlk,na,nxlkna,NA,1,1,0,0,NA,NA,NA,NA
149,106,628870,option_1,늙어,5,LC,high,nxlk,v,nxlkv,0,NA,0,0,NA,NA,NA,NA,NA
170,162,628870,option_3,덟나,2,LC,nonce,tvlp,na,tvlpna,NA,0,1,0,0,NA,NA,NA,NA
27,81,628870,option_3,덟다,2,LC,nonce,tvlp,ta,tvlpta,1,NA,0,1,NA,NA,NA,NA,NA
29,85,628870,option_1,덟어,2,LC,nonce,tvlp,v,tvlpv,0,NA,0,0,NA,NA,NA,NA,NA
71,24,628870,option_2,독나,1,C,nonce,tok,na,tokna,NA,0,NA,NA,NA,Sonorant,k-n,C+Sonorant,tokna
15,53,628870,option_1,독아,1,C,nonce,tok,a,toka,0,NA,NA,NA,NA,Vowel,k-a,C+Vowel,toka
95,65,628870,option_2,독다,1,C,nonce,tok,ta,tokta,1,NA,NA,NA,NA,Obstruent,k-t,C+Obstruent,tokda
91,69,628870,option_1,둡어,1,C,nonce,tup,v,tupv,0,NA,NA,NA,NA,Vowel,p-v,C+Vowel,tupv
69,142,628870,option_1,둡나,1,C,nonce,tup,na,tupna,NA,1,NA,NA,NA,Sonorant,p-n,C+Sonorant,tumna
92,75,628870,option_2,둡다,1,C,nonce,tup,ta,tupta,1,NA,NA,NA,NA,Obstruent,p-t,C+Obstruent,tupda
60,19,628870,option_3,듥나,1,LC,nonce,txlk,na,txlkna,NA,0,1,0,0,NA,NA,NA,NA
110,63,628870,option9_other,듥어,1,LC,nonce,txlk,v,txlkv,NA,NA,NA,NA,NA,NA,NA,NA,NA
75,95,628870,option_4,듥다,1,LC,nonce,txlk,ta,txlkta,1,NA,1,0,NA,NA,NA,NA,NA
158,23,628870,option_5,떫다,5,LC,low,dvlp,ta,dvlpta,0,NA,0,1,NA,NA,NA,NA,NA
20,20,628870,option_1,떫어,5,LC,low,dvlp,v,dvlpv,0,NA,0,0,NA,NA,NA,NA,NA
59,178,628870,option_3,떫나,5,LC,low,dvlp,na,dvlpna,NA,0,1,0,0,NA,NA,NA,NA
101,128,628870,option_1,막아,5,C,high,mak,a,maka,0,NA,NA,NA,NA,Vowel,k-a,C+Vowel,maka
97,62,628870,option_2,막다,5,C,high,mak,ta,makta,1,NA,NA,NA,NA,Obstruent,k-t,C+Obstruent,makda
7,3,628870,option_1,막나,5,C,high,mak,na,makna,NA,1,NA,NA,NA,Sonorant,k-n,C+Sonorant,maNna
89,124,628870,option_3,맑나,5,LC,high,malk,na,malkna,NA,0,1,0,0,NA,NA,NA,NA
176,55,628870,option_3,맑다,5,LC,high,malk,ta,malkta,1,NA,0,1,NA,NA,NA,NA,NA
106,21,628870,option_1,맑아,5,LC,high,malk,a,malka,0,NA,0,0,NA,NA,NA,NA,NA
76,25,628870,option_1,멁어,3,LC,nonce,mvlk,v,mvlkv,0,NA,0,0,NA,NA,NA,NA,NA
93,153,628870,option_1,멁나,3,LC,nonce,mvlk,na,mvlkna,NA,1,1,0,0,NA,NA,NA,NA
151,92,628870,option_4,멁다,3,LC,nonce,mvlk,ta,mvlkta,1,NA,1,0,NA,NA,NA,NA,NA
173,2,628870,option_2,묵다,2,C,low,muk,ta,mukta,1,NA,NA,NA,NA,Obstruent,k-t,C+Obstruent,mukda
53,107,628870,option_1,묵어,2,C,low,muk,v,mukv,0,NA,NA,NA,NA,Vowel,k-v,C+Vowel,mukv
138,28,628870,option_1,묵나,2,C,low,muk,na,mukna,NA,1,NA,NA,NA,Sonorant,k-n,C+Sonorant,muNna
13,9,628870,option_1,묽어,5,LC,low,mulk,v,mulkv,0,NA,0,0,NA,NA,NA,NA,NA
43,113,628870,option_3,묽나,5,LC,low,mulk,na,mulkna,NA,0,1,0,0,NA,NA,NA,NA
86,67,628870,option_4,묽다,5,LC,low,mulk,ta,mulkta,1,NA,1,0,NA,NA,NA,NA,NA
134,26,628870,option_1,박나,5,C,high,pak,na,pakna,NA,1,NA,NA,NA,Sonorant,k-n,C+Sonorant,paNna
96,141,628870,option_1,박아,5,C,high,pak,a,paka,0,NA,NA,NA,NA,Vowel,k-a,C+Vowel,paka
18,16,628870,option_2,박다,5,C,high,pak,ta,pakta,1,NA,NA,NA,NA,Obstruent,k-t,C+Obstruent,pakda
146,114,628870,option_1,밝나,5,LC,high,palk,na,palkna,NA,1,1,0,0,NA,NA,NA,NA
35,8,628870,option_3,밝다,5,LC,high,palk,ta,palkta,1,NA,0,1,NA,NA,NA,NA,NA
125,110,628870,option_1,밝아,5,LC,high,palk,a,palka,0,NA,0,0,NA,NA,NA,NA,NA
57,111,628870,option_1,밟나,5,LC,high,palp,na,palpna,NA,1,1,0,0,NA,NA,NA,NA
122,73,628870,option_1,밟아,5,LC,high,palp,a,palpa,0,NA,0,0,NA,NA,NA,NA,NA
25,169,628870,option_3,밟다,5,LC,high,palp,ta,palpta,1,NA,0,1,NA,NA,NA,NA,NA
107,64,628870,option_1,뱉어,5,C,low,peT,v,peTv,0,NA,NA,NA,NA,Vowel,T-v,C+Vowel,peTv
4,166,628870,option_1,뱉나,5,C,low,peT,na,peTna,NA,1,NA,NA,NA,Sonorant,T-n,C+Sonorant,penna
3,12,628870,option_2,뱉다,5,C,low,peT,ta,peTta,1,NA,NA,NA,NA,Obstruent,T-t,C+Obstruent,petda
32,34,628870,option_1,법나,1,C,nonce,kvp,na,kvpna,NA,1,NA,NA,NA,Sonorant,p-n,C+Sonorant,pvmna
40,100,628870,option_1,법어,1,C,nonce,kvp,v,kvpv,0,NA,NA,NA,NA,Vowel,p-v,C+Vowel,pvpv
61,157,628870,option_2,법다,1,C,nonce,kvp,ta,kvpta,1,NA,NA,NA,NA,Obstruent,p-t,C+Obstruent,pvpda
50,33,628870,option_3,붉다,5,LC,high,pulk,ta,pulkta,1,NA,0,1,NA,NA,NA,NA,NA
147,18,628870,option_1,붉어,5,LC,high,pulk,v,pulkv,0,NA,0,0,NA,NA,NA,NA,NA
163,104,628870,option_1,붉나,5,LC,high,pulk,na,pulkna,NA,1,1,0,0,NA,NA,NA,NA
126,176,628870,option_1,붍나,2,LC,nonce,pulT,na,pulTna,NA,1,1,0,0,NA,NA,NA,NA
10,117,628870,option_4,붍다,2,LC,nonce,pulT,ta,pulTta,1,NA,1,0,NA,NA,NA,NA,NA
143,118,628870,option_4,붍어,2,LC,nonce,pulT,v,pulTv,0,NA,1,0,NA,NA,NA,NA,NA
161,17,628870,option_1,뽑아,5,C,high,p*op,a,p*opa,0,NA,NA,NA,NA,Vowel,p-a,C+Vowel,bopa
135,87,628870,option_2,뽑다,5,C,high,p*op,ta,p*opta,1,NA,NA,NA,NA,Obstruent,p-t,C+Obstruent,bopda
31,160,628870,option_1,뽑나,5,C,high,p*op,na,p*opna,NA,1,NA,NA,NA,Sonorant,p-n,C+Sonorant,bomna
144,131,628870,option_1,속아,5,C,low,sok,a,soka,0,NA,NA,NA,NA,Vowel,k-a,C+Vowel,soka
62,170,628870,option_1,속나,5,C,low,sok,na,sokna,NA,1,NA,NA,NA,Sonorant,k-n,C+Sonorant,soNna
11,173,628870,option_2,속다,5,C,low,sok,ta,sokta,1,NA,NA,NA,NA,Obstruent,k-t,C+Obstruent,sokda
85,174,628870,option_4,숡다,1,LC,nonce,sulk,ta,sulkta,1,NA,1,0,NA,NA,NA,NA,NA
118,72,628870,option_4,숡어,1,LC,nonce,sulk,v,sulkv,0,NA,1,0,NA,NA,NA,NA,NA
109,35,628870,option_1,숡나,1,LC,nonce,sulk,na,sulkna,NA,1,1,0,0,NA,NA,NA,NA
23,167,628870,option_1,식나,4,C,low,sik,na,sikna,NA,1,NA,NA,NA,Sonorant,k-n,C+Sonorant,siNna
21,146,628870,option_2,식다,4,C,low,sik,ta,sikta,1,NA,NA,NA,NA,Obstruent,k-t,C+Obstruent,sikda
136,30,628870,option_1,식어,4,C,low,sik,v,sikv,0,NA,NA,NA,NA,Vowel,k-v,C+Vowel,sikv
127,180,628870,option_1,썩다,5,C,high,s*vk,ta,s*vkta,0,NA,NA,NA,NA,Obstruent,k-t,C+Obstruent,Svkta
179,43,628870,option_1,썩어,5,C,high,s*vk,v,s*vkv,0,NA,NA,NA,NA,Vowel,k-v,C+Vowel,Svkv
128,130,628870,option_1,썩나,5,C,high,s*vk,na,s*vkna,NA,1,NA,NA,NA,Sonorant,k-n,C+Sonorant,SvNna
157,165,628870,option_1,씹어,5,C,high,s*ip,v,s*ipv,0,NA,NA,NA,NA,Vowel,p-v,C+Vowel,Sipv
65,1,628870,option_1,씹나,5,C,high,s*ip,na,s*ipna,NA,1,NA,NA,NA,Sonorant,p-n,C+Sonorant,Simna
116,70,628870,option_1,씹다,5,C,high,s*ip,ta,s*ipta,0,NA,NA,NA,NA,Obstruent,p-t,C+Obstruent,Sipta
58,45,628870,option_1,앍나,1,LC,nonce,alk,na,alkna,NA,1,1,0,0,NA,NA,NA,NA
174,39,628870,option_4,앍다,1,LC,nonce,alk,ta,alkta,1,NA,1,0,NA,NA,NA,NA,NA
168,109,628870,option_1,앍아,1,LC,nonce,alk,a,alka,0,NA,0,0,NA,NA,NA,NA,NA
78,151,628870,option_1,얇아,5,LC,low,yalp,a,yalpa,0,NA,0,0,NA,NA,NA,NA,NA
150,156,628870,option_3,얇나,5,LC,low,yalp,na,yalpna,NA,0,1,0,0,NA,NA,NA,NA
12,27,628870,option_3,얇다,5,LC,low,yalp,ta,yalpta,1,NA,0,1,NA,NA,NA,NA,NA
47,4,628870,option_1,얕아,5,C,low,yaT,a,yaTa,0,NA,NA,NA,NA,Vowel,T-a,C+Vowel,yaTa
153,77,628870,option_2,얕다,5,C,low,yaT,ta,yaTta,1,NA,NA,NA,NA,Obstruent,T-t,C+Obstruent,yatda
124,82,628870,option_1,얕나,5,C,low,yaT,na,yaTna,NA,1,NA,NA,NA,Sonorant,T-n,C+Sonorant,yanna
104,136,628870,option_4,얽다,3,LC,low,vlk,ta,vlkta,1,NA,1,0,NA,NA,NA,NA,NA
165,13,628870,option_1,얽나,3,LC,low,vlk,na,vlkna,NA,1,1,0,0,NA,NA,NA,NA
72,145,628870,option_1,얽어,3,LC,low,vlk,v,vlkv,0,NA,0,0,NA,NA,NA,NA,NA
52,46,628870,option_1,업나,5,C,low,vp,na,vpna,NA,1,NA,NA,NA,Sonorant,p-n,C+Sonorant,vmna
42,150,628870,option_2,업다,5,C,low,vp,ta,vpta,1,NA,NA,NA,NA,Obstruent,p-t,C+Obstruent,vpda
37,172,628870,option_1,업어,5,C,low,vp,v,vpv,0,NA,NA,NA,NA,Vowel,p-v,C+Vowel,vpv
130,86,628870,option_2,엎다,3,C,low,vP,ta,vPta,1,NA,NA,NA,NA,Obstruent,P-t,C+Obstruent,vpda
162,58,628870,option_1,엎어,3,C,low,vP,v,vPv,0,NA,NA,NA,NA,Vowel,P-v,C+Vowel,vPv
167,139,628870,option_1,엎나,3,C,low,vP,na,vPna,NA,1,NA,NA,NA,Sonorant,P-n,C+Sonorant,vmna
19,140,628870,option_3,엷다,5,LC,low,yvlp,ta,yvlpta,1,NA,0,1,NA,NA,NA,NA,NA
117,14,628870,option_4,엷어,5,LC,low,yvlp,v,yvlpv,0,NA,1,0,NA,NA,NA,NA,NA
148,57,628870,option_3,엷나,5,LC,low,yvlp,na,yvlpna,NA,0,1,0,0,NA,NA,NA,NA
30,76,628870,option_2,옅다,5,C,low,yvT,ta,yvTta,1,NA,NA,NA,NA,Obstruent,T-t,C+Obstruent,jvtda
178,40,628870,option_1,옅어,5,C,low,yvT,v,yvTv,0,NA,NA,NA,NA,Vowel,T-v,C+Vowel,jvTv
54,163,628870,option_1,옅나,5,C,low,yvT,na,yvTna,NA,1,NA,NA,NA,Sonorant,T-n,C+Sonorant,jvnna
28,154,628870,option_2,웁다,1,C,nonce,up,ta,upta,1,NA,NA,NA,NA,Obstruent,p-t,C+Obstruent,upda
164,31,628870,option_1,웁어,1,C,nonce,up,v,upv,0,NA,NA,NA,NA,Vowel,p-v,C+Vowel,upv
26,164,628870,option_2,웁나,1,C,nonce,up,na,upna,NA,0,NA,NA,NA,Sonorant,p-n,C+Sonorant,upna
70,122,628870,option9_other,읊어,4,LC,low,xlP,v,xlPv,NA,NA,NA,NA,NA,NA,NA,NA,NA
68,6,628870,option_3,읊나,4,LC,low,xlP,na,xlPna,NA,0,1,0,0,NA,NA,NA,NA
169,10,628870,option_4,읊다,4,LC,low,xlP,ta,xlPta,1,NA,1,0,NA,NA,NA,NA,NA
98,44,628870,option_2,익다,5,C,low,ik,ta,ikta,1,NA,NA,NA,NA,Obstruent,k-t,C+Obstruent,ikda
156,126,628870,option_1,익나,5,C,low,ik,na,ikna,NA,1,NA,NA,NA,Sonorant,k-n,C+Sonorant,iNna
48,80,628870,option_1,익어,5,C,low,ik,v,ikv,0,NA,NA,NA,NA,Vowel,k-v,C+Vowel,ikv
180,96,628870,option_1,읽나,5,LC,high,ilk,na,ilkna,NA,1,1,0,0,NA,NA,NA,NA
131,159,628870,option_1,읽어,5,LC,high,ilk,v,ilkv,0,NA,0,0,NA,NA,NA,NA,NA
87,83,628870,option_3,읽다,5,LC,high,ilk,ta,ilkta,1,NA,0,1,NA,NA,NA,NA,NA
33,98,628870,option_2,입다,5,C,high,ip,ta,ipta,1,NA,NA,NA,NA,Obstruent,p-t,C+Obstruent,ipda
66,51,628870,option_1,입어,5,C,high,ip,v,ipv,0,NA,NA,NA,NA,Vowel,p-v,C+Vowel,ipv
100,36,628870,option_1,입나,5,C,high,ip,na,ipna,NA,1,NA,NA,NA,Sonorant,p-n,C+Sonorant,imna
108,129,628870,option_1,작나,5,C,high,cak,na,cakna,NA,1,NA,NA,NA,Sonorant,k-n,C+Sonorant,caNna
172,102,628870,option_1,작아,5,C,high,cak,a,caka,0,NA,NA,NA,NA,Vowel,k-a,C+Vowel,caka
113,99,628870,option_2,작다,5,C,high,cak,ta,cakta,1,NA,NA,NA,NA,Obstruent,k-t,C+Obstruent,cakda
112,94,628870,option_1,적어,5,C,high,cvk,v,cvkv,0,NA,NA,NA,NA,Vowel,k-v,C+Vowel,cvkv
99,59,628870,option_2,적다,5,C,high,cvk,ta,cvkta,1,NA,NA,NA,NA,Obstruent,k-t,C+Obstruent,cvkda
129,144,628870,option_1,적나,5,C,high,cvk,na,cvkna,NA,1,NA,NA,NA,Sonorant,k-n,C+Sonorant,cvNna
41,79,628870,option_1,접어,5,C,high,cvp,v,cvpv,0,NA,NA,NA,NA,Vowel,p-v,C+Vowel,cvpv
88,179,628870,option_2,접다,5,C,high,cvp,ta,cvpta,1,NA,NA,NA,NA,Obstruent,p-t,C+Obstruent,cvpda
84,42,628870,option_1,접나,5,C,high,cvp,na,cvpna,NA,1,NA,NA,NA,Sonorant,p-n,C+Sonorant,cvmna
114,175,628870,option_2,직다,1,C,nonce,cik,ta,cikta,1,NA,NA,NA,NA,Obstruent,k-t,C+Obstruent,cikda
155,177,628870,option_1,직나,1,C,nonce,cik,na,cikna,NA,1,NA,NA,NA,Sonorant,k-n,C+Sonorant,ciNna
17,137,628870,option_1,직어,1,C,nonce,cik,v,cikv,0,NA,NA,NA,NA,Vowel,k-v,C+Vowel,cikv
6,22,628870,option_1,짉어,1,LC,nonce,cilk,v,cilkv,0,NA,0,0,NA,NA,NA,NA,NA
175,88,628870,option_1,짉나,1,LC,nonce,cilk,na,cilkna,NA,1,1,0,0,NA,NA,NA,NA
139,71,628870,option_4,짉다,1,LC,nonce,cilk,ta,cilkta,1,NA,1,0,NA,NA,NA,NA,NA
45,47,628870,option_1,집나,5,C,high,cip,na,cipna,NA,1,NA,NA,NA,Sonorant,p-n,C+Sonorant,cimna
82,7,628870,option_1,집어,5,C,high,cip,v,cipv,0,NA,NA,NA,NA,Vowel,p-v,C+Vowel,cipv
94,54,628870,option_2,집다,5,C,high,cip,ta,cipta,1,NA,NA,NA,NA,Obstruent,p-t,C+Obstruent,cipda
49,68,628870,option_3,짧나,5,LC,high,Jalp,na,Jalpna,NA,0,1,0,0,NA,NA,NA,NA
111,133,628870,option_1,짧아,5,LC,high,Jalp,a,Jalpa,0,NA,0,0,NA,NA,NA,NA,NA
160,29,628870,option_3,짧다,5,LC,high,Jalp,ta,Jalpta,1,NA,0,1,NA,NA,NA,NA,NA
74,32,628870,option_2,찍다,5,C,low,Jik,ta,Jikta,1,NA,NA,NA,NA,Obstruent,k-t,C+Obstruent,Jikda
102,90,628870,option_1,찍어,5,C,low,Jik,v,Jikv,0,NA,NA,NA,NA,Vowel,k-v,C+Vowel,Jikv
8,61,628870,option_1,찍나,5,C,low,Jik,na,Jikna,NA,1,NA,NA,NA,Sonorant,k-n,C+Sonorant,JiNna
63,123,628870,option_2,착다,1,C,nonce,Cak,ta,Cakta,1,NA,NA,NA,NA,Obstruent,k-t,C+Obstruent,Cakda
56,91,628870,option_1,착아,1,C,nonce,Cak,a,Caka,0,NA,NA,NA,NA,Vowel,k-a,C+Vowel,Caka
120,78,628870,option_2,착나,1,C,nonce,Cak,na,Cakna,NA,0,NA,NA,NA,Sonorant,k-n,C+Sonorant,Cakna
79,149,628870,option_2,톱나,1,C,nonce,Top,na,Topna,NA,0,NA,NA,NA,Sonorant,p-n,C+Sonorant,Topna
24,147,628870,option_1,톱아,1,C,nonce,Top,a,Topa,0,NA,NA,NA,NA,Vowel,p-a,C+Vowel,Topa
145,161,628870,option_2,톱다,1,C,nonce,Top,ta,Topta,1,NA,NA,NA,NA,Obstruent,p-t,C+Obstruent,Topda
121,11,628870,option_4,핥다,5,LC,low,halT,ta,halTta,1,NA,1,0,NA,NA,NA,NA,NA
51,50,628870,option_4,핥아,5,LC,low,halT,a,halTa,0,NA,1,0,NA,NA,NA,NA,NA
115,152,628870,option_3,핥나,5,LC,low,halT,na,halTna,NA,0,1,0,0,NA,NA,NA,NA
137,48,628870,option_4,훑어,4,LC,low,hulT,v,hulTv,0,NA,1,0,NA,NA,NA,NA,NA
46,168,628870,option_3,훑나,4,LC,low,hulT,na,hulTna,NA,0,1,0,0,NA,NA,NA,NA
103,101,628870,option_4,훑다,4,LC,low,hulT,ta,hulTta,1,NA,1,0,NA,NA,NA,NA,NA
