Morphology_R,Morphology_H,Production_H,Production_R,UR,SR,simplify_delete_obstruent,simplify_delete_lateral,nasalize,lateralize,tensify,Type,n
Jalp-a,짧아,,,lp-a,lpa,0,0,NA,NA,0,lC+Vowel,2
Jalp-acici,짧아지지,,,lp-a,lpa,0,0,NA,NA,0,lC+Vowel,2
Jalp-aciko,짧아지고,,,lp-a,lpa,0,0,NA,NA,0,lC+Vowel,5
Jalp-aciniga,짧아지니까,,,lp-a,lpa,0,0,NA,NA,0,lC+Vowel,3
Jalp-acinxn,짧아지는,,,lp-a,lpa,0,0,NA,NA,0,lC+Vowel,3
Jalp-acinxnteyo,짧아지는데요,,,lp-a,lpa,0,0,NA,NA,0,lC+Vowel,1
Jalp-acin,짧아진,,,lp-a,lpa,0,0,NA,NA,0,lC+Vowel,2
Jalp-acintanxn,짧아진다는,,,lp-a,lpa,0,0,NA,NA,0,lC+Vowel,1
Jalp-acintatxnci,짧아진다든지,,,lp-a,lpa,0,0,NA,NA,0,lC+Vowel,1
Jalp-acyv,짧아져,,,lp-a,lpa,0,0,NA,NA,0,lC+Vowel,1
Jalp-acyvkaciko,짧아져가지고,,,lp-a,lpa,0,0,NA,NA,0,lC+Vowel,2
Jalp-acyvsv,짧아져서,,,lp-a,lpa,0,0,NA,NA,0,lC+Vowel,2
Jalp-acyvSkunalanxn,짧아졌구나라는,,,lp-a,lpa,0,0,NA,NA,0,lC+Vowel,1
Jalp-acyvSnxnte,짧아졌는데,,,lp-a,lpa,0,0,NA,NA,0,lC+Vowel,1
Jalp-acyvSta,짧아졌다,,,lp-a,lpa,0,0,NA,NA,0,lC+Vowel,1
Jalp-acyvStako,짧아졌다고,,,lp-a,lpa,0,0,NA,NA,0,lC+Vowel,1
Jalp-acyvStanxn,짧아졌다는,,,lp-a,lpa,0,0,NA,NA,0,lC+Vowel,2
Jalp-acyvSxmyvn,짧아졌으면,,,lp-a,lpa,0,0,NA,NA,0,lC+Vowel,1
Jalp-akaciko,짧아가지고,,,lp-a,lpa,0,0,NA,NA,0,lC+Vowel,3
Jalp-asv,짧아서,,,lp-a,lpa,0,0,NA,NA,0,lC+Vowel,20
Jalp-ato,짧아도,,,lp-a,lpa,0,0,NA,NA,0,lC+Vowel,3
Jalp-ayo,짧아요,,,lp-a,lpa,0,0,NA,NA,0,lC+Vowel,5
Jalp-aSki,짧았기,,,lp-a,lpa,0,0,NA,NA,0,lC+Vowel,3
Jalp-aSkvtxnyo,짧았거든요,,,lp-a,lpa,0,0,NA,NA,0,lC+Vowel,2
Jalp-aSnxnte,짧았는데,,,lp-a,lpa,0,0,NA,NA,0,lC+Vowel,1
Jalp-aStanxn,짧았다는,,,lp-a,lpa,0,0,NA,NA,0,lC+Vowel,1
Jalp-aStvn,짧았던,,,lp-a,lpa,0,0,NA,NA,0,lC+Vowel,4
Jalp-aSvyo,짧았어요,,,lp-a,lpa,0,0,NA,NA,0,lC+Vowel,2
Jalp-x,짧으,,,lp-x,lpx,0,0,NA,NA,0,lC+Vowel,1
Jalp-xmyvn,짧으면,,,lp-x,lpx,0,0,NA,NA,0,lC+Vowel,8
Jalp-xniga,짧으니까,,,lp-x,lpx,0,0,NA,NA,0,lC+Vowel,5
Jalp-xl,짧을,,,lp-x,lpx,0,0,NA,NA,0,lC+Vowel,2
Jalp-xn,짧은,,,lp-x,lpx,0,0,NA,NA,0,lC+Vowel,151
Jalp-xnte,짧은데,,,lp-x,lpx,0,0,NA,NA,0,lC+Vowel,6
Jalp-xnteto,짧은데도,,,lp-x,lpx,0,0,NA,NA,0,lC+Vowel,1
Poknvlp-xn,폭넓은,,,lp-x,lpx,0,0,NA,NA,0,lC+Vowel,4
cilm-vcikeSta,짊어지겠다,,,lm-v,lmv,0,0,NA,NA,0,lC+Vowel,1
cilm-vciko,짊어지고,,,lm-v,lmv,0,0,NA,NA,0,lC+Vowel,11
cilm-vcilyvko,짊어지려고,,,lm-v,lmv,0,0,NA,NA,0,lC+Vowel,1
cilm-vcinxn,짊어지는,,,lm-v,lmv,0,0,NA,NA,0,lC+Vowel,2
cilm-vcil,짊어질,,,lm-v,lmv,0,0,NA,NA,0,lC+Vowel,1
cilm-vcilga,짊어질까,,,lm-v,lmv,0,0,NA,NA,0,lC+Vowel,1
cilm-vcyvto,짊어져도,,,lm-v,lmv,0,0,NA,NA,0,lC+Vowel,1
cilm-vcyvya,짊어져야,,,lm-v,lmv,0,0,NA,NA,0,lC+Vowel,2
cispalp-apvlin,짓밟아버린,,,lp-a,lpa,0,0,NA,NA,0,lC+Vowel,1
cispalp-aStvn,짓밟았던,,,lp-a,lpa,0,0,NA,NA,0,lC+Vowel,1
cvlm-v,젊어,,,lm-v,lmv,0,0,NA,NA,0,lC+Vowel,6
cvlm-vciko,젊어지고,,,lm-v,lmv,0,0,NA,NA,0,lC+Vowel,1
cvlm-vciniga,젊어지니까,,,lm-v,lmv,0,0,NA,NA,0,lC+Vowel,2
cvlm-vcinxn,젊어지는,,,lm-v,lmv,0,0,NA,NA,0,lC+Vowel,2
cvlm-vcin,젊어진,,,lm-v,lmv,0,0,NA,NA,0,lC+Vowel,1
cvlm-vkaciko,젊어가지고,,,lm-v,lmv,0,0,NA,NA,0,lC+Vowel,1
cvlm-vsv,젊어서,,,lm-v,lmv,0,0,NA,NA,0,lC+Vowel,20
cvlm-vsvnxn,젊어서는,,,lm-v,lmv,0,0,NA,NA,0,lC+Vowel,5
cvlm-vsvpuTv,젊어서부터,,,lm-v,lmv,0,0,NA,NA,0,lC+Vowel,1
cvlm-vsvto,젊어서도,,,lm-v,lmv,0,0,NA,NA,0,lC+Vowel,2
cvlm-vyo,젊어요,,,lm-v,lmv,0,0,NA,NA,0,lC+Vowel,1
cvlm-vS,젊었,,,lm-v,lmv,0,0,NA,NA,0,lC+Vowel,1
cvlm-vScanhayo,젊었잖아요,,,lm-v,lmv,0,0,NA,NA,0,lC+Vowel,1
cvlm-vSkeScyo,젊었겠죠,,,lm-v,lmv,0,0,NA,NA,0,lC+Vowel,1
cvlm-vSvStvn,젊었었던,,,lm-v,lmv,0,0,NA,NA,0,lC+Vowel,1
cvlm-vSxmyvn,젊었으면,,,lm-v,lmv,0,0,NA,NA,0,lC+Vowel,1
cvlm-vSxmyvnxn,젊었으면은,,,lm-v,lmv,0,0,NA,NA,0,lC+Vowel,2
cvlm-vSxniga,젊었으니까,,,lm-v,lmv,0,0,NA,NA,0,lC+Vowel,2
cvlm-vSxl,젊었을,,,lm-v,lmv,0,0,NA,NA,0,lC+Vowel,184
cvlm-x,젊으,,,lm-x,lmx,0,0,NA,NA,0,lC+Vowel,1
cvlm-xna,젊으나,,,lm-x,lmx,0,0,NA,NA,0,lC+Vowel,3
cvlm-xniga,젊으니까,,,lm-x,lmx,0,0,NA,NA,0,lC+Vowel,12
cvlm-xnigan,젊으니깐,,,lm-x,lmx,0,0,NA,NA,0,lC+Vowel,2
cvlm-xsicanhayo,젊으시잖아요,,,lm-x,lmx,0,0,NA,NA,0,lC+Vowel,3
cvlm-xsikinxn,젊으시기는,,,lm-x,lmx,0,0,NA,NA,0,lC+Vowel,1
cvlm-xsiniga,젊으시니까,,,lm-x,lmx,0,0,NA,NA,0,lC+Vowel,1
cvlm-xsita,젊으시다,,,lm-x,lmx,0,0,NA,NA,0,lC+Vowel,1
cvlm-xsil,젊으실,,,lm-x,lmx,0,0,NA,NA,0,lC+Vowel,3
cvlm-xsin,젊으신,,,lm-x,lmx,0,0,NA,NA,0,lC+Vowel,12
cvlm-xsinte,젊으신데,,,lm-x,lmx,0,0,NA,NA,0,lC+Vowel,2
cvlm-xsyvkaciko,젊으셔가지고,,,lm-x,lmx,0,0,NA,NA,0,lC+Vowel,2
cvlm-xsyvkacko,젊으셔갖고,,,lm-x,lmx,0,0,NA,NA,0,lC+Vowel,1
cvlm-xsyvsv,젊으셔서,,,lm-x,lmx,0,0,NA,NA,0,lC+Vowel,1
cvlm-xsyvSkvtxnyo,젊으셨거든요,,,lm-x,lmx,0,0,NA,NA,0,lC+Vowel,1
cvlm-xsyvSxl,젊으셨을,,,lm-x,lmx,0,0,NA,NA,0,lC+Vowel,1
cvlm-xl,젊을,,,lm-x,lmx,0,0,NA,NA,0,lC+Vowel,43
cvlm-xm,젊음,,,lm-x,lmx,0,0,NA,NA,0,lC+Vowel,1
cvlm-xmxl,젊음을,,,lm-x,lmx,0,0,NA,NA,0,lC+Vowel,4
cvlm-xn,젊은,,,lm-x,lmx,0,0,NA,NA,0,lC+Vowel,520
cvlm-xnCxNina,젊은층이나,,,lm-x,lmx,0,0,NA,NA,0,lC+Vowel,1
cvlm-xnCxNxlo,젊은층으로,,,lm-x,lmx,0,0,NA,NA,0,lC+Vowel,1
cvlm-xnCxNxy,젊은층의,,,lm-x,lmx,0,0,NA,NA,0,lC+Vowel,1
cvlm-xni,젊은이,,,lm-x,lmx,0,0,NA,NA,0,lC+Vowel,3
cvlm-xnika,젊은이가,,,lm-x,lmx,0,0,NA,NA,0,lC+Vowel,1
cvlm-xnilamyvn,젊은이라면,,,lm-x,lmx,0,0,NA,NA,0,lC+Vowel,1
cvlm-xnilanxn,젊은이라는,,,lm-x,lmx,0,0,NA,NA,0,lC+Vowel,1
cvlm-xniman,젊은이만,,,lm-x,lmx,0,0,NA,NA,0,lC+Vowel,1
cvlm-xniniga,젊은이니까,,,lm-x,lmx,0,0,NA,NA,0,lC+Vowel,2
cvlm-xnita,젊은이다,,,lm-x,lmx,0,0,NA,NA,0,lC+Vowel,1
cvlm-xnitxl,젊은이들,,,lm-x,lmx,0,0,NA,NA,0,lC+Vowel,5
cvlm-xnitxle,젊은이들에,,,lm-x,lmx,0,0,NA,NA,0,lC+Vowel,1
cvlm-xnitxleke,젊은이들에게,,,lm-x,lmx,0,0,NA,NA,0,lC+Vowel,2
cvlm-xnitxleketo,젊은이들에게도,,,lm-x,lmx,0,0,NA,NA,0,lC+Vowel,1
cvlm-xnitxlhanTe,젊은이들한테,,,lm-x,lmx,0,0,NA,NA,0,lC+Vowel,5
cvlm-xnitxlhanTeto,젊은이들한테도,,,lm-x,lmx,0,0,NA,NA,0,lC+Vowel,1
cvlm-xnitxli,젊은이들이,,,lm-x,lmx,0,0,NA,NA,0,lC+Vowel,24
cvlm-xnitxlina,젊은이들이나,,,lm-x,lmx,0,0,NA,NA,0,lC+Vowel,1
cvlm-xnitxlivSxmyvn,젊은이들이었으면,,,lm-x,lmx,0,0,NA,NA,0,lC+Vowel,1
cvlm-xnitxltapci,젊은이들답지,,,lm-x,lmx,0,0,NA,NA,0,lC+Vowel,1
cvlm-xnitxlto,젊은이들도,,,lm-x,lmx,0,0,NA,NA,0,lC+Vowel,1
cvlm-xnitxlxl,젊은이들을,,,lm-x,lmx,0,0,NA,NA,0,lC+Vowel,2
cvlm-xnitxlxn,젊은이들은,,,lm-x,lmx,0,0,NA,NA,0,lC+Vowel,10
cvlm-xnitxlxy,젊은이들의,,,lm-x,lmx,0,0,NA,NA,0,lC+Vowel,5
cvlm-xnixy,젊은이의,,,lm-x,lmx,0,0,NA,NA,0,lC+Vowel,2
cvlm-xnte,젊은데,,,lm-x,lmx,0,0,NA,NA,0,lC+Vowel,6
halT-acuko,핥아주고,,,lT-a,lTa,0,0,NA,NA,0,lC+Vowel,3
halT-acukvna,핥아주거나,,,lT-a,lTa,0,0,NA,NA,0,lC+Vowel,1
halT-acutvlako,핥아주더라고,,,lT-a,lTa,0,0,NA,NA,0,lC+Vowel,1
halT-acuntatxnka,핥아준다든가,,,lT-a,lTa,0,0,NA,NA,0,lC+Vowel,1
halT-akamyvnsv,핥아가면서,,,lT-a,lTa,0,0,NA,NA,0,lC+Vowel,1
halT-asv,핥아서,,,lT-a,lTa,0,0,NA,NA,0,lC+Vowel,3
halT-ayo,핥아요,,,lT-a,lTa,0,0,NA,NA,0,lC+Vowel,3
halT-aSxl,핥았을,,,lT-a,lTa,0,0,NA,NA,0,lC+Vowel,1
halT-xmyvn,핥으면,,,lT-x,lTx,0,0,NA,NA,0,lC+Vowel,1
hemalk-xm,해맑음,,,lk-x,lkx,0,0,NA,NA,0,lC+Vowel,1
hulT-v,훑어,,,lT-v,lTv,0,0,NA,NA,0,lC+Vowel,1
hulT-vpoko,훑어보고,,,lT-v,lTv,0,0,NA,NA,0,lC+Vowel,5
hulT-vpomyvn,훑어보면,,,lT-v,lTv,0,0,NA,NA,0,lC+Vowel,1
hulT-vpomyvnsv,훑어보면서,,,lT-v,lTv,0,0,NA,NA,0,lC+Vowel,1
hulT-vposin,훑어보신,,,lT-v,lTv,0,0,NA,NA,0,lC+Vowel,1
hulT-vpotaka,훑어보다가,,,lT-v,lTv,0,0,NA,NA,0,lC+Vowel,1
hulT-vpotvni,훑어보더니,,,lT-v,lTv,0,0,NA,NA,0,lC+Vowel,1
hulT-vpwaya,훑어봐야,,,lT-v,lTv,0,0,NA,NA,0,lC+Vowel,1
ilk-v,읽어,,,lk-v,lkv,0,0,NA,NA,0,lC+Vowel,15
ilk-vcin,읽어진,,,lk-v,lkv,0,0,NA,NA,0,lC+Vowel,1
ilk-vcuca,읽어주자,,,lk-v,lkv,0,0,NA,NA,0,lC+Vowel,1
ilk-vcuke,읽어주게,,,lk-v,lkv,0,0,NA,NA,0,lC+Vowel,1
ilk-vcukin,읽어주긴,,,lk-v,lkv,0,0,NA,NA,0,lC+Vowel,1
ilk-vcuko,읽어주고,,,lk-v,lkv,0,0,NA,NA,0,lC+Vowel,2
ilk-vcukvna,읽어주거나,,,lk-v,lkv,0,0,NA,NA,0,lC+Vowel,1
ilk-vcumyvn,읽어주면,,,lk-v,lkv,0,0,NA,NA,0,lC+Vowel,1
ilk-vcumyvnsv,읽어주면서,,,lk-v,lkv,0,0,NA,NA,0,lC+Vowel,4
ilk-vcunxn,읽어주는,,,lk-v,lkv,0,0,NA,NA,0,lC+Vowel,7
ilk-vcunxnte,읽어주는데,,,lk-v,lkv,0,0,NA,NA,0,lC+Vowel,1
ilk-vcusikito,읽어주시기도,,,lk-v,lkv,0,0,NA,NA,0,lC+Vowel,1
ilk-vcusikvtxn,읽어주시거든,,,lk-v,lkv,0,0,NA,NA,0,lC+Vowel,1
ilk-vcun,읽어준,,,lk-v,lkv,0,0,NA,NA,0,lC+Vowel,1
ilk-vcwvSkvtxn,읽어줬거든,,,lk-v,lkv,0,0,NA,NA,0,lC+Vowel,1
ilk-vcyvsv,읽어져서,,,lk-v,lkv,0,0,NA,NA,0,lC+Vowel,1
ilk-vkanxn,읽어가는,,,lk-v,lkv,0,0,NA,NA,0,lC+Vowel,1
ilk-vla,읽어라,,,lk-v,lkv,0,0,NA,NA,0,lC+Vowel,3
ilk-vneko,읽어내고,,,lk-v,lkv,0,0,NA,NA,0,lC+Vowel,1
ilk-vnenxn,읽어내는,,,lk-v,lkv,0,0,NA,NA,0,lC+Vowel,1
ilk-vpoci,읽어보지,,,lk-v,lkv,0,0,NA,NA,0,lC+Vowel,1
ilk-vpocinxn,읽어보지는,,,lk-v,lkv,0,0,NA,NA,0,lC+Vowel,2
ilk-vpocin,읽어보진,,,lk-v,lkv,0,0,NA,NA,0,lC+Vowel,1
ilk-vpokie,읽어보기에,,,lk-v,lkv,0,0,NA,NA,0,lC+Vowel,1
ilk-vpokinxn,읽어보기는,,,lk-v,lkv,0,0,NA,NA,0,lC+Vowel,1
ilk-vpokin,읽어보긴,,,lk-v,lkv,0,0,NA,NA,0,lC+Vowel,1
ilk-vpoko,읽어보고,,,lk-v,lkv,0,0,NA,NA,0,lC+Vowel,2
ilk-vpokonxn,읽어보고는,,,lk-v,lkv,0,0,NA,NA,0,lC+Vowel,1
ilk-vpolako,읽어보라고,,,lk-v,lkv,0,0,NA,NA,0,lC+Vowel,1
ilk-vpolv,읽어보러,,,lk-v,lkv,0,0,NA,NA,0,lC+Vowel,1
ilk-vpomyvn,읽어보면,,,lk-v,lkv,0,0,NA,NA,0,lC+Vowel,5
ilk-vpomyvnsv,읽어보면서,,,lk-v,lkv,0,0,NA,NA,0,lC+Vowel,2
ilk-vpomyvnxn,읽어보면은,,,lk-v,lkv,0,0,NA,NA,0,lC+Vowel,4
ilk-vponiga,읽어보니까,,,lk-v,lkv,0,0,NA,NA,0,lC+Vowel,8
ilk-vponxn,읽어보는,,,lk-v,lkv,0,0,NA,NA,0,lC+Vowel,1
ilk-vposinxn,읽어보시는,,,lk-v,lkv,0,0,NA,NA,0,lC+Vowel,1
ilk-vposintako,읽어보신다고,,,lk-v,lkv,0,0,NA,NA,0,lC+Vowel,1
ilk-vposyvScyo,읽어보셨죠,,,lk-v,lkv,0,0,NA,NA,0,lC+Vowel,1
ilk-vposyvSvyo,읽어보셨어요,,,lk-v,lkv,0,0,NA,NA,0,lC+Vowel,1
ilk-vposyvSxlgayo,읽어보셨을까요,,,lk-v,lkv,0,0,NA,NA,0,lC+Vowel,1
ilk-vpol,읽어볼,,,lk-v,lkv,0,0,NA,NA,0,lC+Vowel,2
ilk-vpon,읽어본,,,lk-v,lkv,0,0,NA,NA,0,lC+Vowel,5
ilk-vpwaculke,읽어봐줄게,,,lk-v,lkv,0,0,NA,NA,0,lC+Vowel,1
ilk-vpwato,읽어봐도,,,lk-v,lkv,0,0,NA,NA,0,lC+Vowel,2
ilk-vpwaSkoyo,읽어봤고요,,,lk-v,lkv,0,0,NA,NA,0,lC+Vowel,1
ilk-vpwaSkvtxnyo,읽어봤거든요,,,lk-v,lkv,0,0,NA,NA,0,lC+Vowel,1
ilk-vpwaSnxnte,읽어봤는데,,,lk-v,lkv,0,0,NA,NA,0,lC+Vowel,2
ilk-vpwaSnxnteyo,읽어봤는데요,,,lk-v,lkv,0,0,NA,NA,0,lC+Vowel,3
ilk-vpwaStan,읽어봤단,,,lk-v,lkv,0,0,NA,NA,0,lC+Vowel,1
ilk-vpwaStvn,읽어봤던,,,lk-v,lkv,0,0,NA,NA,0,lC+Vowel,1
ilk-vpwaSv,읽어봤어,,,lk-v,lkv,0,0,NA,NA,0,lC+Vowel,2
ilk-vpwaSvyo,읽어봤어요,,,lk-v,lkv,0,0,NA,NA,0,lC+Vowel,1
ilk-vpwaSxl,읽어봤을,,,lk-v,lkv,0,0,NA,NA,0,lC+Vowel,1
ilk-vsv,읽어서,,,lk-v,lkv,0,0,NA,NA,0,lC+Vowel,4
ilk-vto,읽어도,,,lk-v,lkv,0,0,NA,NA,0,lC+Vowel,4
ilk-vtxlipni,읽어드립니,,,lk-v,lkv,0,0,NA,NA,0,lC+Vowel,1
ilk-vya,읽어야,,,lk-v,lkv,0,0,NA,NA,0,lC+Vowel,8
ilk-vyaci,읽어야지,,,lk-v,lkv,0,0,NA,NA,0,lC+Vowel,1
ilk-vyacilako,읽어야지라고,,,lk-v,lkv,0,0,NA,NA,0,lC+Vowel,1
ilk-vyakeSta,읽어야겠다,,,lk-v,lkv,0,0,NA,NA,0,lC+Vowel,2
ilk-vyo,읽어요,,,lk-v,lkv,0,0,NA,NA,0,lC+Vowel,2
ilk-vScanha,읽었잖아,,,lk-v,lkv,0,0,NA,NA,0,lC+Vowel,2
ilk-vSki,읽었기,,,lk-v,lkv,0,0,NA,NA,0,lC+Vowel,1
ilk-vSko,읽었고,,,lk-v,lkv,0,0,NA,NA,0,lC+Vowel,3
ilk-vSkvtxn,읽었거든,,,lk-v,lkv,0,0,NA,NA,0,lC+Vowel,1
ilk-vSkvtxnyo,읽었거든요,,,lk-v,lkv,0,0,NA,NA,0,lC+Vowel,1
ilk-vSnxnte,읽었는데,,,lk-v,lkv,0,0,NA,NA,0,lC+Vowel,14
ilk-vSnxnteyo,읽었는데요,,,lk-v,lkv,0,0,NA,NA,0,lC+Vowel,1
ilk-vSta,읽었다,,,lk-v,lkv,0,0,NA,NA,0,lC+Vowel,1
ilk-vStako,읽었다고,,,lk-v,lkv,0,0,NA,NA,0,lC+Vowel,1
ilk-vStvn,읽었던,,,lk-v,lkv,0,0,NA,NA,0,lC+Vowel,14
ilk-vSv,읽었어,,,lk-v,lkv,0,0,NA,NA,0,lC+Vowel,2
ilk-vSvyo,읽었어요,,,lk-v,lkv,0,0,NA,NA,0,lC+Vowel,4
ilk-vSvSkvtxn,읽었었거든,,,lk-v,lkv,0,0,NA,NA,0,lC+Vowel,1
ilk-vSvSkvtxnyo,읽었었거든요,,,lk-v,lkv,0,0,NA,NA,0,lC+Vowel,1
ilk-vSvSnxn,읽었었는,,,lk-v,lkv,0,0,NA,NA,0,lC+Vowel,1
ilk-vSvSnxnte,읽었었는데,,,lk-v,lkv,0,0,NA,NA,0,lC+Vowel,2
ilk-vSvSnxnteyo,읽었었는데요,,,lk-v,lkv,0,0,NA,NA,0,lC+Vowel,1
ilk-vSvSsxpnita,읽었었습니다,,,lk-v,lkv,0,0,NA,NA,0,lC+Vowel,1
ilk-vSx,읽었으,,,lk-v,lkv,0,0,NA,NA,0,lC+Vowel,1
ilk-vSxl,읽었을,,,lk-v,lkv,0,0,NA,NA,0,lC+Vowel,4
ilk-xla,읽으라,,,lk-x,lkx,0,0,NA,NA,0,lC+Vowel,1
ilk-xlyvko,읽으려고,,,lk-x,lkx,0,0,NA,NA,0,lC+Vowel,2
ilk-xmyvn,읽으면,,,lk-x,lkx,0,0,NA,NA,0,lC+Vowel,5
ilk-xmyvnsv,읽으면서,,,lk-x,lkx,0,0,NA,NA,0,lC+Vowel,19
ilk-xmyvnsvto,읽으면서도,,,lk-x,lkx,0,0,NA,NA,0,lC+Vowel,1
ilk-xmyvnxn,읽으면은,,,lk-x,lkx,0,0,NA,NA,0,lC+Vowel,1
ilk-xniga,읽으니까,,,lk-x,lkx,0,0,NA,NA,0,lC+Vowel,5
ilk-xseyo,읽으세요,,,lk-x,lkx,0,0,NA,NA,0,lC+Vowel,1
ilk-xsinxn,읽으시는,,,lk-x,lkx,0,0,NA,NA,0,lC+Vowel,6
ilk-xsinxnci,읽으시는지,,,lk-x,lkx,0,0,NA,NA,0,lC+Vowel,1
ilk-xsyvsv,읽으셔서,,,lk-x,lkx,0,0,NA,NA,0,lC+Vowel,1
ilk-xsyvSkeSvyo,읽으셨겠어요,,,lk-x,lkx,0,0,NA,NA,0,lC+Vowel,1
ilk-xl,읽을,,,lk-x,lkx,0,0,NA,NA,0,lC+Vowel,18
ilk-xn,읽은,,,lk-x,lkx,0,0,NA,NA,0,lC+Vowel,17
kalk-a,갉아,,,lk-a,lka,0,0,NA,NA,0,lC+Vowel,5
kalk-amvkko,갉아먹고,,,lk-a,lka,0,0,NA,NA,0,lC+Vowel,2
kalk-amvknxn,갉아먹는,,,lk-a,lka,0,0,NA,NA,0,lC+Vowel,3
kalk-amvkxn,갉아먹은,,,lk-a,lka,0,0,NA,NA,0,lC+Vowel,1
kolm-a,곪아,,,lm-a,lma,0,0,NA,NA,0,lC+Vowel,1
kolm-xl,곪을,,,lm-x,lmx,0,0,NA,NA,0,lC+Vowel,2
kulk-vciko,굵어지고,,,lk-v,lkv,0,0,NA,NA,0,lC+Vowel,2
kulk-vSko,굵었고,,,lk-v,lkv,0,0,NA,NA,0,lC+Vowel,1
kulk-vSvyo,굵었어요,,,lk-v,lkv,0,0,NA,NA,0,lC+Vowel,1
kulk-xn,굵은,,,lk-x,lkx,0,0,NA,NA,0,lC+Vowel,6
kulm-v,굶어,,,lm-v,lmv,0,0,NA,NA,0,lC+Vowel,13
kulm-vkamyvnsv,굶어가면서,,,lm-v,lmv,0,0,NA,NA,0,lC+Vowel,1
kulm-vsv,굶어서,,,lm-v,lmv,0,0,NA,NA,0,lC+Vowel,6
kulm-vto,굶어도,,,lm-v,lmv,0,0,NA,NA,0,lC+Vowel,1
kulm-vya,굶어야,,,lm-v,lmv,0,0,NA,NA,0,lC+Vowel,3
kulm-vSci,굶었지,,,lm-v,lmv,0,0,NA,NA,0,lC+Vowel,1
kulm-vSvyo,굶었어요,,,lm-v,lmv,0,0,NA,NA,0,lC+Vowel,1
kulm-vSxmyvn,굶었으면,,,lm-v,lmv,0,0,NA,NA,0,lC+Vowel,1
kulm-xmyvn,굶으면,,,lm-x,lmx,0,0,NA,NA,0,lC+Vowel,3
kulm-xmyvnsv,굶으면서,,,lm-x,lmx,0,0,NA,NA,0,lC+Vowel,5
kulm-xmyvnxn,굶으면은,,,lm-x,lmx,0,0,NA,NA,0,lC+Vowel,1
kulm-xl,굶을,,,lm-x,lmx,0,0,NA,NA,0,lC+Vowel,1
kxlk-v,긁어,,,lk-v,lkv,0,0,NA,NA,0,lC+Vowel,2
kxlk-vcwvScyo,긁어줬죠,,,lk-v,lkv,0,0,NA,NA,0,lC+Vowel,1
kxlk-vcwvSnxnte,긁어줬는데,,,lk-v,lkv,0,0,NA,NA,0,lC+Vowel,1
kxlk-vmvkko,긁어먹고,,,lk-v,lkv,0,0,NA,NA,0,lC+Vowel,1
kxlk-vmvktvniman,긁어먹더니만,,,lk-v,lkv,0,0,NA,NA,0,lC+Vowel,1
kxlk-vsv,긁어서,,,lk-v,lkv,0,0,NA,NA,0,lC+Vowel,2
kxlk-vto,긁어도,,,lk-v,lkv,0,0,NA,NA,0,lC+Vowel,1
kxlk-vyo,긁어요,,,lk-v,lkv,0,0,NA,NA,0,lC+Vowel,1
kxlk-vStanxn,긁었다는,,,lk-v,lkv,0,0,NA,NA,0,lC+Vowel,1
kxlk-vStvn,긁었던,,,lk-v,lkv,0,0,NA,NA,0,lC+Vowel,1
kxlk-xlyvko,긁으려고,,,lk-x,lkx,0,0,NA,NA,0,lC+Vowel,1
kxlk-xmyvn,긁으면,,,lk-x,lkx,0,0,NA,NA,0,lC+Vowel,2
kxlk-xmyvnsv,긁으면서,,,lk-x,lkx,0,0,NA,NA,0,lC+Vowel,2
kxlk-xl,긁을,,,lk-x,lkx,0,0,NA,NA,0,lC+Vowel,1
kxlk-xn,긁은,,,lk-x,lkx,0,0,NA,NA,0,lC+Vowel,1
malk-a,맑아,,,lk-a,lka,0,0,NA,NA,0,lC+Vowel,1
malk-acike,맑아지게,,,lk-a,lka,0,0,NA,NA,0,lC+Vowel,1
malk-aciko,맑아지고,,,lk-a,lka,0,0,NA,NA,0,lC+Vowel,1
malk-acinxn,맑아지는,,,lk-a,lka,0,0,NA,NA,0,lC+Vowel,7
malk-acin,맑아진,,,lk-a,lka,0,0,NA,NA,0,lC+Vowel,1
malk-acintako,맑아진다고,,,lk-a,lka,0,0,NA,NA,0,lC+Vowel,1
malk-acyvyo,맑아져요,,,lk-a,lka,0,0,NA,NA,0,lC+Vowel,1
malk-asv,맑아서,,,lk-a,lka,0,0,NA,NA,0,lC+Vowel,3
malk-ato,맑아도,,,lk-a,lka,0,0,NA,NA,0,lC+Vowel,1
malk-ayo,맑아요,,,lk-a,lka,0,0,NA,NA,0,lC+Vowel,1
malk-aStaka,맑았다가,,,lk-a,lka,0,0,NA,NA,0,lC+Vowel,2
malk-aStvn,맑았던,,,lk-a,lka,0,0,NA,NA,0,lC+Vowel,1
malk-aSvSkvtxnyo,맑았었거든요,,,lk-a,lka,0,0,NA,NA,0,lC+Vowel,1
malk-aSxmyvn,맑았으면,,,lk-a,lka,0,0,NA,NA,0,lC+Vowel,2
malk-xmyvn,맑으면,,,lk-x,lkx,0,0,NA,NA,0,lC+Vowel,3
malk-xmyvnsv,맑으면서,,,lk-x,lkx,0,0,NA,NA,0,lC+Vowel,1
malk-xl,맑을,,,lk-x,lkx,0,0,NA,NA,0,lC+Vowel,1
malk-xn,맑은,,,lk-x,lkx,0,0,NA,NA,0,lC+Vowel,59
nalk-a,낡아,,,lk-a,lka,0,0,NA,NA,0,lC+Vowel,1
nalk-acyvSxl,낡아졌을,,,lk-a,lka,0,0,NA,NA,0,lC+Vowel,1
nalk-asv,낡아서,,,lk-a,lka,0,0,NA,NA,0,lC+Vowel,3
nalk-aSko,낡았고,,,lk-a,lka,0,0,NA,NA,0,lC+Vowel,1
nalk-xn,낡은,,,lk-x,lkx,0,0,NA,NA,0,lC+Vowel,8
nvlp-idwiki,넓이뛰기,,,lp-i,lpi,0,0,NA,NA,0,lC+Vowel,1
nvlp-v,넓어,,,lp-v,lpv,0,0,NA,NA,0,lC+Vowel,4
nvlp-vcikeSta,넓어지겠다,,,lp-v,lpv,0,0,NA,NA,0,lC+Vowel,1
nvlp-vciki,넓어지기,,,lp-v,lpv,0,0,NA,NA,0,lC+Vowel,1
nvlp-vciko,넓어지고,,,lp-v,lpv,0,0,NA,NA,0,lC+Vowel,6
nvlp-vcimyvn,넓어지면,,,lp-v,lpv,0,0,NA,NA,0,lC+Vowel,1
nvlp-vcimyvnsv,넓어지면서,,,lp-v,lpv,0,0,NA,NA,0,lC+Vowel,2
nvlp-vcinxn,넓어지는,,,lp-v,lpv,0,0,NA,NA,0,lC+Vowel,3
nvlp-vcinxnkuna,넓어지는구나,,,lp-v,lpv,0,0,NA,NA,0,lC+Vowel,1
nvlp-vcil,넓어질,,,lp-v,lpv,0,0,NA,NA,0,lC+Vowel,4
nvlp-vcilsulok,넓어질수록,,,lp-v,lpv,0,0,NA,NA,0,lC+Vowel,1
nvlp-vcin,넓어진,,,lp-v,lpv,0,0,NA,NA,0,lC+Vowel,3
nvlp-vcinta,넓어진다,,,lp-v,lpv,0,0,NA,NA,0,lC+Vowel,1
nvlp-vcintako,넓어진다고,,,lp-v,lpv,0,0,NA,NA,0,lC+Vowel,3
nvlp-vcintanxn,넓어진다는,,,lp-v,lpv,0,0,NA,NA,0,lC+Vowel,2
nvlp-vcyvSnxnte,넓어졌는데,,,lp-v,lpv,0,0,NA,NA,0,lC+Vowel,1
nvlp-vcyvSta,넓어졌다,,,lp-v,lpv,0,0,NA,NA,0,lC+Vowel,1
nvlp-vcyvStako,넓어졌다고,,,lp-v,lpv,0,0,NA,NA,0,lC+Vowel,1
nvlp-vcyvSvyo,넓어졌어요,,,lp-v,lpv,0,0,NA,NA,0,lC+Vowel,1
nvlp-vcyvSxmyvn,넓어졌으면,,,lp-v,lpv,0,0,NA,NA,0,lC+Vowel,2
nvlp-vkaciko,넓어가지고,,,lp-v,lpv,0,0,NA,NA,0,lC+Vowel,9
nvlp-vsv,넓어서,,,lp-v,lpv,0,0,NA,NA,0,lC+Vowel,14
nvlp-vya,넓어야,,,lp-v,lpv,0,0,NA,NA,0,lC+Vowel,4
nvlp-vyaci,넓어야지,,,lp-v,lpv,0,0,NA,NA,0,lC+Vowel,1
nvlp-vyo,넓어요,,,lp-v,lpv,0,0,NA,NA,0,lC+Vowel,1
nvlp-vSci,넓었지,,,lp-v,lpv,0,0,NA,NA,0,lC+Vowel,1
nvlp-vSko,넓었고,,,lp-v,lpv,0,0,NA,NA,0,lC+Vowel,2
nvlp-vSnxnte,넓었는데,,,lp-v,lpv,0,0,NA,NA,0,lC+Vowel,1
nvlp-vSv,넓었어,,,lp-v,lpv,0,0,NA,NA,0,lC+Vowel,2
nvlp-vSvsv,넓었어서,,,lp-v,lpv,0,0,NA,NA,0,lC+Vowel,1
nvlp-vSxmyvn,넓었으면,,,lp-v,lpv,0,0,NA,NA,0,lC+Vowel,1
nvlp-xmyvn,넓으면,,,lp-x,lpx,0,0,NA,NA,0,lC+Vowel,1
nvlp-xniga,넓으니까,,,lp-x,lpx,0,0,NA,NA,0,lC+Vowel,2
nvlp-xnigan,넓으니깐,,,lp-x,lpx,0,0,NA,NA,0,lC+Vowel,1
nvlp-xl,넓을,,,lp-x,lpx,0,0,NA,NA,0,lC+Vowel,1
nvlp-xmi,넓음이,,,lp-x,lpx,0,0,NA,NA,0,lC+Vowel,1
nvlp-xn,넓은,,,lp-x,lpx,0,0,NA,NA,0,lC+Vowel,90
nvlp-xnte,넓은데,,,lp-x,lpx,0,0,NA,NA,0,lC+Vowel,9
nvlp-xnteto,넓은데도,,,lp-x,lpx,0,0,NA,NA,0,lC+Vowel,1
nxlk-v,늙어,,,lk-v,lkv,0,0,NA,NA,0,lC+Vowel,7
nxlk-vci,늙어지,,,lk-v,lkv,0,0,NA,NA,0,lC+Vowel,1
nxlk-vkacanhayo,늙어가잖아요,,,lk-v,lkv,0,0,NA,NA,0,lC+Vowel,1
nxlk-vkaciko,늙어가지고,,,lk-v,lkv,0,0,NA,NA,0,lC+Vowel,1
nxlk-vkako,늙어가고,,,lk-v,lkv,0,0,NA,NA,0,lC+Vowel,7
nxlk-vkamyvnsv,늙어가면서,,,lk-v,lkv,0,0,NA,NA,0,lC+Vowel,6
nxlk-vkaniga,늙어가니까,,,lk-v,lkv,0,0,NA,NA,0,lC+Vowel,1
nxlk-vkanxn,늙어가는,,,lk-v,lkv,0,0,NA,NA,0,lC+Vowel,5
nxlk-vkanxnkuna,늙어가는구나,,,lk-v,lkv,0,0,NA,NA,0,lC+Vowel,2
nxlk-vkanxnkunalanxn,늙어가는구나라는,,,lk-v,lkv,0,0,NA,NA,0,lC+Vowel,1
nxlk-vkasiko,늙어가시고,,,lk-v,lkv,0,0,NA,NA,0,lC+Vowel,2
nxlk-vkata,늙어가다,,,lk-v,lkv,0,0,NA,NA,0,lC+Vowel,1
nxlk-vkacko,늙어갖고,,,lk-v,lkv,0,0,NA,NA,0,lC+Vowel,1
nxlk-vkalgapwa,늙어갈까봐,,,lk-v,lkv,0,0,NA,NA,0,lC+Vowel,1
nxlk-vkantanxn,늙어간다는,,,lk-v,lkv,0,0,NA,NA,0,lC+Vowel,2
nxlk-vpvlimyvnxn,늙어버리면은,,,lk-v,lkv,0,0,NA,NA,0,lC+Vowel,1
nxlk-vsv,늙어서,,,lk-v,lkv,0,0,NA,NA,0,lC+Vowel,23
nxlk-vsvgaci,늙어서까지,,,lk-v,lkv,0,0,NA,NA,0,lC+Vowel,2
nxlk-vsvgacito,늙어서까지도,,,lk-v,lkv,0,0,NA,NA,0,lC+Vowel,1
nxlk-vsvnxn,늙어서는,,,lk-v,lkv,0,0,NA,NA,0,lC+Vowel,2
nxlk-vsvto,늙어서도,,,lk-v,lkv,0,0,NA,NA,0,lC+Vowel,6
nxlk-vto,늙어도,,,lk-v,lkv,0,0,NA,NA,0,lC+Vowel,1
nxlk-vS,늙었,,,lk-v,lkv,0,0,NA,NA,0,lC+Vowel,1
nxlk-vSciman,늙었지만,,,lk-v,lkv,0,0,NA,NA,0,lC+Vowel,1
nxlk-vScyo,늙었죠,,,lk-v,lkv,0,0,NA,NA,0,lC+Vowel,1
nxlk-vSkuna,늙었구나,,,lk-v,lkv,0,0,NA,NA,0,lC+Vowel,3
nxlk-vSna,늙었나,,,lk-v,lkv,0,0,NA,NA,0,lC+Vowel,1
nxlk-vSta,늙었다,,,lk-v,lkv,0,0,NA,NA,0,lC+Vowel,2
nxlk-vStako,늙었다고,,,lk-v,lkv,0,0,NA,NA,0,lC+Vowel,1
nxlk-vStalanxn,늙었다라는,,,lk-v,lkv,0,0,NA,NA,0,lC+Vowel,1
nxlk-vStvlakoyo,늙었더라고요,,,lk-v,lkv,0,0,NA,NA,0,lC+Vowel,1
nxlk-vSvyo,늙었어요,,,lk-v,lkv,0,0,NA,NA,0,lC+Vowel,1
nxlk-vSxniga,늙었으니까,,,lk-v,lkv,0,0,NA,NA,0,lC+Vowel,1
nxlk-vSxl,늙었을,,,lk-v,lkv,0,0,NA,NA,0,lC+Vowel,3
nxlk-xmyvn,늙으면,,,lk-x,lkx,0,0,NA,NA,0,lC+Vowel,12
nxlk-xmyvnxn,늙으면은,,,lk-x,lkx,0,0,NA,NA,0,lC+Vowel,2
nxlk-xsyvSnxnte,늙으셨는데,,,lk-x,lkx,0,0,NA,NA,0,lC+Vowel,1
nxlk-xl,늙을,,,lk-x,lkx,0,0,NA,NA,0,lC+Vowel,5
nxlk-xn,늙은,,,lk-x,lkx,0,0,NA,NA,0,lC+Vowel,8
nxlk-xni,늙은이,,,lk-x,lkx,0,0,NA,NA,0,lC+Vowel,1
olk-amesinxn,옭아매시는,,,lk-a,lka,0,0,NA,NA,0,lC+Vowel,1
olk-ameya,옭아매야,,,lk-a,lka,0,0,NA,NA,0,lC+Vowel,1
olm-a,옮아,,,lm-a,lma,0,0,NA,NA,0,lC+Vowel,1
olm-akal,옮아갈,,,lm-a,lma,0,0,NA,NA,0,lC+Vowel,1
olm-awasv,옮아와서,,,lm-a,lma,0,0,NA,NA,0,lC+Vowel,1
olm-xl,옮을,,,lm-x,lmx,0,0,NA,NA,0,lC+Vowel,1
palk-a,밝아,,,lk-a,lka,0,0,NA,NA,0,lC+Vowel,2
palk-aciko,밝아지고,,,lk-a,lka,0,0,NA,NA,0,lC+Vowel,3
palk-acilyvko,밝아지려고,,,lk-a,lka,0,0,NA,NA,0,lC+Vowel,1
palk-acimyvnsv,밝아지면서,,,lk-a,lka,0,0,NA,NA,0,lC+Vowel,1
palk-acinxn,밝아지는,,,lk-a,lka,0,0,NA,NA,0,lC+Vowel,4
palk-acisin,밝아지신,,,lk-a,lka,0,0,NA,NA,0,lC+Vowel,2
palk-acin,밝아진,,,lk-a,lka,0,0,NA,NA,0,lC+Vowel,3
palk-acyvSko,밝아졌고,,,lk-a,lka,0,0,NA,NA,0,lC+Vowel,1
palk-acyvStako,밝아졌다고,,,lk-a,lka,0,0,NA,NA,0,lC+Vowel,2
palk-acyvStatxnka,밝아졌다든가,,,lk-a,lka,0,0,NA,NA,0,lC+Vowel,1
palk-acyvStvla,밝아졌더라,,,lk-a,lka,0,0,NA,NA,0,lC+Vowel,1
palk-acyvStxnte,밝아졌든데,,,lk-a,lka,0,0,NA,NA,0,lC+Vowel,1
palk-akaciko,밝아가지고,,,lk-a,lka,0,0,NA,NA,0,lC+Vowel,1
palk-asv,밝아서,,,lk-a,lka,0,0,NA,NA,0,lC+Vowel,1
palk-ayo,밝아요,,,lk-a,lka,0,0,NA,NA,0,lC+Vowel,2
palk-aStaka,밝았다가,,,lk-a,lka,0,0,NA,NA,0,lC+Vowel,2
palk-xmyvnsv,밝으면서,,,lk-x,lkx,0,0,NA,NA,0,lC+Vowel,2
palk-xniga,밝으니까,,,lk-x,lkx,0,0,NA,NA,0,lC+Vowel,1
palk-xmi,밝음이,,,lk-x,lkx,0,0,NA,NA,0,lC+Vowel,2
palk-xmilako,밝음이라고,,,lk-x,lkx,0,0,NA,NA,0,lC+Vowel,1
palk-xmxl,밝음을,,,lk-x,lkx,0,0,NA,NA,0,lC+Vowel,1
palk-xn,밝은,,,lk-x,lkx,0,0,NA,NA,0,lC+Vowel,49
palk-xnte,밝은데,,,lk-x,lkx,0,0,NA,NA,0,lC+Vowel,2
palp-a,밟아,,,lp-a,lpa,0,0,NA,NA,0,lC+Vowel,4
palp-akaciko,밟아가지고,,,lp-a,lpa,0,0,NA,NA,0,lC+Vowel,4
palp-akamyvnsv,밟아가면서,,,lp-a,lpa,0,0,NA,NA,0,lC+Vowel,1
palp-anakaya,밟아나가야,,,lp-a,lpa,0,0,NA,NA,0,lC+Vowel,1
palp-apoko,밟아보고,,,lp-a,lpa,0,0,NA,NA,0,lC+Vowel,1
palp-asv,밟아서,,,lp-a,lpa,0,0,NA,NA,0,lC+Vowel,4
palp-ato,밟아도,,,lp-a,lpa,0,0,NA,NA,0,lC+Vowel,1
palp-aya,밟아야,,,lp-a,lpa,0,0,NA,NA,0,lC+Vowel,2
palp-aSnxnte,밟았는데,,,lp-a,lpa,0,0,NA,NA,0,lC+Vowel,1
palp-aStako,밟았다고,,,lp-a,lpa,0,0,NA,NA,0,lC+Vowel,1
palp-aStvn,밟았던,,,lp-a,lpa,0,0,NA,NA,0,lC+Vowel,2
palp-aSxl,밟았을,,,lp-a,lpa,0,0,NA,NA,0,lC+Vowel,2
palp-xlyvko,밟으려고,,,lp-x,lpx,0,0,NA,NA,0,lC+Vowel,2
palp-xmyvn,밟으면,,,lp-x,lpx,0,0,NA,NA,0,lC+Vowel,4
palp-xmyvnsv,밟으면서,,,lp-x,lpx,0,0,NA,NA,0,lC+Vowel,5
palp-xmyvnxn,밟으면은,,,lp-x,lpx,0,0,NA,NA,0,lC+Vowel,1
palp-xsyvkaciko,밟으셔가지고,,,lp-x,lpx,0,0,NA,NA,0,lC+Vowel,1
palp-xl,밟을,,,lp-x,lpx,0,0,NA,NA,0,lC+Vowel,6
palp-xn,밟은,,,lp-x,lpx,0,0,NA,NA,0,lC+Vowel,8
pulk-xn,붉은,,,lk-x,lkx,0,0,NA,NA,0,lC+Vowel,13
pulk-xnsek,붉은색,,,lk-x,lkx,0,0,NA,NA,0,lC+Vowel,1
pulk-xnsekkwa,붉은색과,,,lk-x,lkx,0,0,NA,NA,0,lC+Vowel,1
salm-a,삶아,,,lm-a,lma,0,0,NA,NA,0,lC+Vowel,5
salm-acimyvn,삶아지면,,,lm-a,lma,0,0,NA,NA,0,lC+Vowel,1
salm-acukvna,삶아주거나,,,lm-a,lma,0,0,NA,NA,0,lC+Vowel,1
salm-akaciko,삶아가지고,,,lm-a,lma,0,0,NA,NA,0,lC+Vowel,8
salm-akatxnka,삶아가든가,,,lm-a,lma,0,0,NA,NA,0,lC+Vowel,1
salm-akacko,삶아갖고,,,lm-a,lma,0,0,NA,NA,0,lC+Vowel,2
salm-amvkko,삶아먹고,,,lm-a,lma,0,0,NA,NA,0,lC+Vowel,2
salm-anohxn,삶아놓은,,,lm-a,lma,0,0,NA,NA,0,lC+Vowel,1
salm-anwaSv,삶아놨어,,,lm-a,lma,0,0,NA,NA,0,lC+Vowel,1
salm-asv,삶아서,,,lm-a,lma,0,0,NA,NA,0,lC+Vowel,27
salm-asvto,삶아서도,,,lm-a,lma,0,0,NA,NA,0,lC+Vowel,1
salm-ato,삶아도,,,lm-a,lma,0,0,NA,NA,0,lC+Vowel,2
salm-aya,삶아야,,,lm-a,lma,0,0,NA,NA,0,lC+Vowel,1
salm-v,삶어,,,lm-v,lmv,0,0,NA,NA,0,lC+Vowel,3
salm-x,삶으,,,lm-x,lmx,0,0,NA,NA,0,lC+Vowel,1
salm-xla,삶으라,,,lm-x,lmx,0,0,NA,NA,0,lC+Vowel,1
salm-xlako,삶으라고,,,lm-x,lmx,0,0,NA,NA,0,lC+Vowel,1
salm-xloSv,삶으로써,,,lm-x,lmx,0,0,NA,NA,0,lC+Vowel,1
salm-xmyvn,삶으면,,,lm-x,lmx,0,0,NA,NA,0,lC+Vowel,1
salm-xmyvnxn,삶으면은,,,lm-x,lmx,0,0,NA,NA,0,lC+Vowel,1
salm-xsyvkacko,삶으셔갖고,,,lm-x,lmx,0,0,NA,NA,0,lC+Vowel,1
salm-xsyvStamyvnxn,삶으셨다면은,,,lm-x,lmx,0,0,NA,NA,0,lC+Vowel,1
salm-xn,삶은,,,lm-x,lmx,0,0,NA,NA,0,lC+Vowel,18
talm-a,닮아,,,lm-a,lma,0,0,NA,NA,0,lC+Vowel,6
talm-acyvStanxn,닮아졌다는,,,lm-a,lma,0,0,NA,NA,0,lC+Vowel,1
talm-aiSko,닮아있고,,,lm-a,lma,0,0,NA,NA,0,lC+Vowel,1
talm-aiStako,닮아있다고,,,lm-a,lma,0,0,NA,NA,0,lC+Vowel,1
talm-akaci,닮아가지,,,lm-a,lma,0,0,NA,NA,0,lC+Vowel,1
talm-akaciko,닮아가지고,,,lm-a,lma,0,0,NA,NA,0,lC+Vowel,10
talm-akacimanxn,닮아가지마는,,,lm-a,lma,0,0,NA,NA,0,lC+Vowel,1
talm-akakin,닮아가긴,,,lm-a,lma,0,0,NA,NA,0,lC+Vowel,1
talm-akako,닮아가고,,,lm-a,lma,0,0,NA,NA,0,lC+Vowel,2
talm-akalyvko,닮아가려고,,,lm-a,lma,0,0,NA,NA,0,lC+Vowel,1
talm-akanxn,닮아가는,,,lm-a,lma,0,0,NA,NA,0,lC+Vowel,2
talm-akasv,닮아가서,,,lm-a,lma,0,0,NA,NA,0,lC+Vowel,1
talm-akatvlakoyo,닮아가더라고요,,,lm-a,lma,0,0,NA,NA,0,lC+Vowel,1
talm-akal,닮아갈,,,lm-a,lma,0,0,NA,NA,0,lC+Vowel,1
talm-akan,닮아간,,,lm-a,lma,0,0,NA,NA,0,lC+Vowel,1
talm-akantako,닮아간다고,,,lm-a,lma,0,0,NA,NA,0,lC+Vowel,1
talm-akantalanxn,닮아간다라는,,,lm-a,lma,0,0,NA,NA,0,lC+Vowel,1
talm-akantanxn,닮아간다는,,,lm-a,lma,0,0,NA,NA,0,lC+Vowel,2
talm-asv,닮아서,,,lm-a,lma,0,0,NA,NA,0,lC+Vowel,29
talm-aS,닮았,,,lm-a,lma,0,0,NA,NA,0,lC+Vowel,2
talm-aScimanxn,닮았지마는,,,lm-a,lma,0,0,NA,NA,0,lC+Vowel,1
talm-aSkeScyo,닮았겠죠,,,lm-a,lma,0,0,NA,NA,0,lC+Vowel,1
talm-aSko,닮았고,,,lm-a,lma,0,0,NA,NA,0,lC+Vowel,11
talm-aSkuna,닮았구나,,,lm-a,lma,0,0,NA,NA,0,lC+Vowel,1
talm-aSkvtxnyo,닮았거든요,,,lm-a,lma,0,0,NA,NA,0,lC+Vowel,4
talm-aSna,닮았나,,,lm-a,lma,0,0,NA,NA,0,lC+Vowel,1
talm-aSnayo,닮았나요,,,lm-a,lma,0,0,NA,NA,0,lC+Vowel,1
talm-aSne,닮았네,,,lm-a,lma,0,0,NA,NA,0,lC+Vowel,4
talm-aSnelan,닮았네란,,,lm-a,lma,0,0,NA,NA,0,lC+Vowel,1
talm-aSnxnci,닮았는지,,,lm-a,lma,0,0,NA,NA,0,lC+Vowel,3
talm-aSnxncinxn,닮았는지는,,,lm-a,lma,0,0,NA,NA,0,lC+Vowel,1
talm-aSnxnte,닮았는데,,,lm-a,lma,0,0,NA,NA,0,lC+Vowel,3
talm-aSnxnteyo,닮았는데요,,,lm-a,lma,0,0,NA,NA,0,lC+Vowel,1
talm-aSnya,닮았냐,,,lm-a,lma,0,0,NA,NA,0,lC+Vowel,2
talm-aSsxpniga,닮았습니까,,,lm-a,lma,0,0,NA,NA,0,lC+Vowel,1
talm-aSsxpnita,닮았습니다,,,lm-a,lma,0,0,NA,NA,0,lC+Vowel,2
talm-aSta,닮았다,,,lm-a,lma,0,0,NA,NA,0,lC+Vowel,5
talm-aStaka,닮았다가,,,lm-a,lma,0,0,NA,NA,0,lC+Vowel,1
talm-aStako,닮았다고,,,lm-a,lma,0,0,NA,NA,0,lC+Vowel,15
talm-aStakoto,닮았다고도,,,lm-a,lma,0,0,NA,NA,0,lC+Vowel,1
talm-aStalako,닮았다라고,,,lm-a,lma,0,0,NA,NA,0,lC+Vowel,1
talm-aStalanxn,닮았다라는,,,lm-a,lma,0,0,NA,NA,0,lC+Vowel,2
talm-aStanxn,닮았다는,,,lm-a,lma,0,0,NA,NA,0,lC+Vowel,10
talm-aStan,닮았단,,,lm-a,lma,0,0,NA,NA,0,lC+Vowel,1
talm-aSteyo,닮았대요,,,lm-a,lma,0,0,NA,NA,0,lC+Vowel,3
talm-aStvla,닮았더라,,,lm-a,lma,0,0,NA,NA,0,lC+Vowel,1
talm-aSv,닮았어,,,lm-a,lma,0,0,NA,NA,0,lC+Vowel,4
talm-aSvyo,닮았어요,,,lm-a,lma,0,0,NA,NA,0,lC+Vowel,9
talm-aSxmyvn,닮았으면,,,lm-a,lma,0,0,NA,NA,0,lC+Vowel,6
talm-aSxniga,닮았으니까,,,lm-a,lma,0,0,NA,NA,0,lC+Vowel,1
talm-aSxlga,닮았을까,,,lm-a,lma,0,0,NA,NA,0,lC+Vowel,1
talm-aSxm,닮았음,,,lm-a,lma,0,0,NA,NA,0,lC+Vowel,1
talm-v,닮어,,,lm-v,lmv,0,0,NA,NA,0,lC+Vowel,1
talm-xkin,닮으긴,,,lm-x,lmx,0,0,NA,NA,0,lC+Vowel,1
talm-xla,닮으라,,,lm-x,lmx,0,0,NA,NA,0,lC+Vowel,1
talm-xlyvko,닮으려고,,,lm-x,lmx,0,0,NA,NA,0,lC+Vowel,2
talm-xniga,닮으니까,,,lm-x,lmx,0,0,NA,NA,0,lC+Vowel,1
talm-xsin,닮으신,,,lm-x,lmx,0,0,NA,NA,0,lC+Vowel,2
talm-xsyvsv,닮으셔서,,,lm-x,lmx,0,0,NA,NA,0,lC+Vowel,1
talm-xsyvSnayo,닮으셨나요,,,lm-x,lmx,0,0,NA,NA,0,lC+Vowel,2
talm-xsyvSta,닮으셨다,,,lm-x,lmx,0,0,NA,NA,0,lC+Vowel,1
talm-xsyvSvyo,닮으셨어요,,,lm-x,lmx,0,0,NA,NA,0,lC+Vowel,2
talm-xlga,닮을까,,,lm-x,lmx,0,0,NA,NA,0,lC+Vowel,1
talm-xm,닮음,,,lm-x,lmx,0,0,NA,NA,0,lC+Vowel,1
talm-xn,닮은,,,lm-x,lmx,0,0,NA,NA,0,lC+Vowel,70
txnvlp-xn,드넓은,,,lp-x,lpx,0,0,NA,NA,0,lC+Vowel,4
xlP-vnohko,읊어놓고,,,lP-v,lPv,0,0,NA,NA,0,lC+Vowel,1
xlP-vpolako,읊어보라고,,,lP-v,lPv,0,0,NA,NA,0,lC+Vowel,1
xlP-xmyvnsv,읊으면서,,,lP-x,lPx,0,0,NA,NA,0,lC+Vowel,1
yalp-a,얇아,,,lp-a,lpa,0,0,NA,NA,0,lC+Vowel,2
yalp-aciciman,얇아지지만,,,lp-a,lpa,0,0,NA,NA,0,lC+Vowel,1
yalp-acinigan,얇아지니깐,,,lp-a,lpa,0,0,NA,NA,0,lC+Vowel,1
yalp-asv,얇아서,,,lp-a,lpa,0,0,NA,NA,0,lC+Vowel,2
yalp-ayo,얇아요,,,lp-a,lpa,0,0,NA,NA,0,lC+Vowel,1
yalp-aSko,얇았고,,,lp-a,lpa,0,0,NA,NA,0,lC+Vowel,1
yalp-xn,얇은,,,lp-x,lpx,0,0,NA,NA,0,lC+Vowel,31
yalp-xnka,얇은가,,,lp-x,lpx,0,0,NA,NA,0,lC+Vowel,1
